species_name,assembly_accession,ncbi_bioproject,restriction_status,include_recommended
Monochamus sutor,GCA_052757275.1,PRJNA1290528,published_open,yes
Diabrotica virgifera virgifera,GCA_917563875.2,PRJEB47906,published_open,yes
Diabrotica virgifera virgifera,GCF_917563875.1,PRJEB47906,published_open,yes
Aethina tumida,GCA_024364675.1,PRJNA825637,published_open,yes
Aethina tumida,GCF_024364675.1,PRJNA825637,published_open,yes
Coccinella transversoguttata,GCA_053478235.1,PRJNA1268667,published_open,yes
Eucryptorrhynchus scrobiculatus,GCA_046736385.1,PRJNA663363,published_open,yes
Arhopalus unicolor,GCA_045514315.1,PRJNA1112115,published_open,yes
Tribolium freemani,GCA_939628115.1,PRJEB52307,published_open,yes
Agrilus cyanescens,GCA_947389935.1,PRJEB57759,published_open,yes
Monochamus scutellatus,GCA_052862855.1,PRJNA1289024,published_open,yes
Larinus planus,GCA_977012605.1,PRJEB101224,published_open,yes
Distenia gracilis,GCA_055671715.1,PRJNA1366490,published_open,yes
Brassicogethes aeneus,GCA_921294245.1,PRJEB48953,published_open,yes
Tetraopes melanurus,GCA_054850815.1,PRJNA1287481,published_open,yes
Anoplophora malasiaca,GCA_054644075.1,PRJNA1393341,published_open,yes
Phyllotreta cruciferae,GCA_917563865.1,PRJEB47904,published_open,yes
Tetraopes sublaevis,GCA_054850805.1,PRJNA1287481,published_open,yes
Tetraopes tetrophthalmus,GCA_054850835.1,PRJNA1287481,published_open,yes
Platystomos albinus,GCA_964106875.1,PRJEB76113,published_open,yes
Tribolium castaneum,GCA_031307605.1,PRJNA865805,published_open,yes
Tribolium castaneum,GCF_031307605.1,PRJNA865805,published_open,yes
Harmonia axyridis,GCA_914767665.1,PRJEB47373,published_open,yes
Harmonia axyridis,GCF_914767665.1,PRJEB47373,published_open,yes
Tenebrio molitor,GCA_963966145.1,PRJEB72558,published_open,yes
Tenebrio molitor,GCF_963966145.1,PRJEB72558,published_open,yes
Monochamus alternatus,GCA_037114965.1,PRJNA1084890,published_open,yes
Callosobruchus maculatus,GCA_040182625.1,PRJNA1048654,published_open,yes
Ips typographus,GCA_016097725.2,PRJNA671615,published_open,yes
Onthophagus taurus,GCA_036711975.1,PRJNA966962,published_open,yes
Onthophagus taurus,GCF_036711975.1,PRJNA966962,published_open,yes
Trypoxylus dichotomus,GCA_023509865.1,PRJNA688811,published_open,yes
Plagiodera versicolora,GCA_037013635.1,PRJNA1045849,published_open,yes
Dendroctonus frontalis,GCA_040113315.1,PRJNA1100959,published_open,yes
Monolepta hieroglyphica,GCA_045514875.1,PRJNA1171132,published_open,yes
Anthonomus grandis grandis,GCA_022605725.3,PRJNA767408,published_open,yes
Anthonomus grandis grandis,GCF_022605725.1,PRJNA767408,published_open,yes
Hippodamia variegata,GCA_046424425.1,PRJNA1172969,published_open,yes
Coccinella septempunctata,GCA_907165205.1,PRJEB44629,published_open,yes
Coccinella septempunctata,GCF_907165205.1,PRJEB44629,published_open,yes
Euwallacea fornicatus,GCA_040115645.1,PRJNA1086994,published_open,yes
Euwallacea fornicatus,GCF_040115645.1,PRJNA1086994,published_open,yes
Sitophilus zeamais,GCA_047936755.1,PRJNA1208214,published_open,yes
Pogonus chalceus,GCA_002278615.1,PRJNA381601,published_open,no
Adalia bipunctata,GCA_910592335.1,PRJEB45686,published_open,yes
Aquatica leii,GCA_035610365.1,PRJNA948550,published_open,yes
Aleochara curtula,GCA_963978815.1,PRJEB73701,published_open,yes
Gnatocerus cornutus,GCA_029298725.1,PRJNA767424,published_open,yes
Anoplophora chinensis,GCA_052815205.1,PRJNA1309080,published_open,yes
Zophobas atratus,GCA_022388445.1,PRJNA764250,published_open,yes
Dastarcus helophoroides,GCA_028583605.1,PRJNA777352,published_open,yes
Brontispa longissima,GCA_040580785.1,PRJNA1085852,published_open,yes
Monochamus saltuarius,GCA_025584915.1,PRJNA814433,published_open,yes
Poecilus cupreus,GCA_963942605.1,PRJEB72471,published_open,yes
Agrilus mali,GCA_055682225.1,PRJNA1293793,published_open,yes
Rhyzopertha dominica,GCA_055878605.1,PRJNA1330578,published_open,yes
Phyllotreta striolata,GCA_918026865.1,PRJEB47901,published_open,yes
Holotrichia oblita,GCA_023690525.1,PRJNA812706,published_open,yes
Tomicus yunnanensis,GCA_054825155.1,PRJNA1393581,published_open,yes
Protaetia brevitarsis,GCA_051903415.1,PRJNA1286165,published_open,yes
Prosopocoilus inquinatus,GCA_036172665.1,PRJNA1015594,published_open,yes
Diorhabda carinata,GCA_029229535.1,PRJNA788879,published_open,yes
Diorhabda carinulata,GCA_026250575.2,PRJNA788877,published_open,yes
Diorhabda carinulata,GCA_026250575.2,PRJNA788877,to_verify,yes
Diorhabda carinulata,GCF_026250575.1,PRJNA788877,published_open,yes
Rhagonycha fulva,GCA_905340355.1,PRJEB43726,published_open,yes
Latheticus oryzae,GCA_030157265.1,PRJNA767393,published_open,yes
Ips nitidus,GCA_018691245.2,PRJNA722788,published_open,yes
Batocera lineolata,GCA_052815245.1,PRJNA1309302,published_open,yes
Melanotus villosus,GCA_963082815.1,PRJEB64848,published_open,yes
Diorhabda sublineata,GCA_026230105.1,PRJNA767483,published_open,yes
Diorhabda sublineata,GCF_026230105.1,PRJNA767483,published_open,yes
Diorhabda elongata,GCA_026230145.1,PRJNA788886,published_open,yes
Philonthus spinipes,GCA_963082785.1,PRJEB64818,published_open,yes
Ips sexdentatus,GCA_976954535.1,PRJEB98041,published_open,yes
Lagria hirta,GCA_947359425.1,PRJEB57606,published_open,yes
Ophraella communa,GCA_035357415.1,PRJNA899605,published_open,yes
Diabrotica undecimpunctata,GCA_040954645.1,PRJNA1090230,published_open,yes
Diabrotica undecimpunctata,GCF_040954645.1,PRJNA1090230,published_open,yes
Uleiota planata,GCA_965112455.1,PRJEB84218,published_open,yes
Eucryptorrhynchus brandti,GCA_040894065.1,PRJNA663368,published_open,yes
Gastrophysa viridula,GCA_965641405.1,PRJEB91873,published_open,yes
Pyrocoelia pectoralis,GCA_036250285.1,PRJNA1014999,published_open,yes
Liopterus haemorrhoidalis,GCA_963971575.1,PRJEB73544,published_open,yes
Melinopterus prodromus,GCA_964023965.1,PRJEB74734,published_open,yes
Nadezhdiella cantori,GCA_051225655.1,PRJNA1274636,published_open,yes
Octodonta nipae,GCA_034190945.1,PRJNA1016083,published_open,yes
Propylea japonica,GCA_013421045.1,PRJNA498898,published_open,yes
Cetonia aurata,GCA_949128085.1,PRJEB59502,published_open,yes
Arhopalus rusticus,GCA_046563155.1,PRJNA953210,published_open,yes
Megalocaria dilatata,GCA_034642435.1,PRJNA1029341,published_open,yes
Philonthus cognatus,GCA_932526585.2,PRJEB51381,published_open,yes
Adalia decempunctata,GCA_951802165.1,PRJEB62627,published_open,yes
Polydrusus cervinus,GCA_935413205.1,PRJEB51933,published_open,yes
Cantharis rustica,GCA_911387805.1,PRJEB46423,published_open,yes
Promethis valgipes,GCA_054205895.1,PRJNA1308995,published_open,yes
Pterostichus madidus,GCA_911728475.2,PRJEB46627,published_open,yes
Apoderus coryli,GCA_911728435.2,PRJEB46626,published_open,yes
Halyzia sedecimguttata,GCA_937662695.2,PRJEB52234,published_open,yes
Pyrochroa serraticornis,GCA_905333025.2,PRJEB43484,published_open,yes
Pseudeuparius sepicola,GCA_963920635.1,PRJEB71547,published_open,yes
Agonum fuliginosum,GCA_947534325.1,PRJEB58062,published_open,yes
Oxystoma pomonae,GCA_963921995.1,PRJEB71841,published_open,yes
Diaperis boleti,GCA_963583935.1,PRJEB68176,published_open,yes
Agrilus biguttatus,GCA_963921985.1,PRJEB71839,published_open,yes
Cantharis nigra,GCA_958510845.1,PRJEB64391,published_open,yes
Cantharis lateralis,GCA_963170105.1,PRJEB64909,published_open,yes
Cantharis flavilabris,GCA_949152465.1,PRJEB59846,published_open,yes
Cantharis rufa,GCA_947369205.1,PRJEB57708,published_open,yes
Mylabris quadripunctata,GCA_977015545.1,PRJEB94612,published_open,yes
Podabrus alpinus,GCA_932274525.1,PRJEB51187,published_open,yes
Myrrha octodecimguttata,GCA_958510865.1,PRJEB64393,published_open,yes
Cryptocephalus moraei,GCA_946251905.1,PRJEB55436,published_open,yes
Aromia moschata,GCA_965642075.1,PRJEB92391,published_open,yes
Lochmaea capreae,GCA_949126875.1,PRJEB59460,published_open,yes
Dascillus cervinus,GCA_949768715.1,PRJEB60919,published_open,yes
Harpalus rufipes,GCA_951394225.1,PRJEB62060,published_open,yes
Ophonus ardosiacus,GCA_943142095.1,PRJEB52910,published_open,yes
Othius punctulatus,GCA_951805005.1,PRJEB62773,published_open,yes
Leistus spinibarbis,GCA_933228885.1,PRJEB51584,published_open,yes
Rhagonycha lutea,GCA_958510855.1,PRJEB64396,published_open,yes
Geotrupes spiniger,GCA_959613385.1,PRJEB64512,published_open,yes
Bruchidius siliquastri,GCA_949316355.1,PRJEB60137,published_open,yes
Anaspis maculata,GCA_949128115.1,PRJEB59498,published_open,yes
Scaphidium quadrimaculatum,GCA_965282785.1,PRJEB89534,published_open,yes
Galeruca laticollis,GCA_963921935.1,PRJEB71836,published_open,yes
Chrysolina oricalcia,GCA_944452925.2,PRJEB53643,published_open,yes
Harpalus rubripes,GCA_963082715.1,PRJEB64813,published_open,yes
Melolontha melolontha,GCA_935421215.2,PRJEB51927,published_open,yes
Neocrepidodera transversa,GCA_963243735.1,PRJEB65059,published_open,yes
Graciliella metohijensis,GCA_978019395.1,PRJEB77400,published_open,yes
Malachius bipustulatus,GCA_910589415.1,PRJEB45315,published_open,yes
Crioceris asparagi,GCA_958507055.1,PRJEB64385,published_open,yes
Leptura quadrifasciata,GCA_963675555.1,PRJEB69336,published_open,yes
Polydrusus tereticollis,GCA_963920685.1,PRJEB71550,published_open,yes
Curculio caryae,GCA_051047995.1,PRJNA813156,published_open,yes
Amara ovata,GCA_965279835.1,PRJEB89410,published_open,yes
Serica brunnea,GCA_973946265.1,PRJEB96439,published_open,yes
Ceutorhynchus obstrictus,GCA_965178145.1,PRJEB86217,published_open,yes
Hycleus marcipoli,GCA_051167335.1,PRJNA1225931,published_open,yes
Ocypus olens,GCA_910593695.2,PRJEB45833,published_open,yes
Agelastica alni,GCA_950111635.2,PRJEB61673,published_open,yes
Hallomenus binotatus,GCA_965648495.1,PRJEB94374,published_open,yes
Agrypnus murinus,GCA_929113105.1,PRJEB50666,published_open,yes
Agriotes lineatus,GCA_965788545.1,PRJEB95121,published_open,yes
Crepidodera aurea,GCA_949320105.2,PRJEB60253,published_open,yes
Rutpela maculata,GCA_936432065.2,PRJEB52068,published_open,yes
Carabus problematicus,GCA_963422195.1,PRJEB65488,published_open,yes
Sphaeridium bipustulatum,GCA_977013595.1,PRJEB100567,published_open,yes
Chrysolina americana,GCA_958502065.1,PRJEB64387,published_open,yes
Harpalus anxius,GCA_965601895.1,PRJEB90518,published_open,yes
Stenurella melanura,GCA_963583905.1,PRJEB68169,published_open,yes
Amphimallon solstitiale,GCA_963170755.1,PRJEB64917,published_open,yes
Nedyus quadrimaculatus,GCA_977969715.1,PRJEB105448,published_open,yes
Schizotus pectinicornis,GCA_951805265.1,PRJEB62789,published_open,yes
Aspidapion aeneum,GCA_963576565.1,PRJEB68111,published_open,yes
Cartodere bifasciata,GCA_963920755.1,PRJEB71555,published_open,yes
Malthinus flaveolus,GCA_950108345.1,PRJEB61706,published_open,yes
Leonhardella angulicollis,GCA_978019415.1,PRJEB77402,published_open,yes
Leptodirus hochenwartii,GCA_947310635.1,PRJEB57372,published_open,yes
Abax parallelepipedus,GCA_964197645.1,PRJEB77062,published_open,yes
Nebria salina,GCA_944039245.1,PRJEB53510,published_open,yes
Nicrophorus investigator,GCA_963457615.1,PRJEB66142,published_open,yes
Rhagium mordax,GCA_963680705.1,PRJEB70411,published_open,yes
Lochmaea crataegi,GCA_947563755.1,PRJEB58179,published_open,yes
Pterostichus niger,GCA_947425015.1,PRJEB57831,published_open,yes
Gastrophysa polygoni,GCA_963576655.1,PRJEB68118,published_open,yes
Ctenicera cuprea,GCA_958336395.1,PRJEB64316,published_open,yes
Endomychus coccineus,GCA_958510875.1,PRJEB64394,published_open,yes
Nebria brevicollis,GCA_944738965.1,PRJEB53866,published_open,yes
Platypus cylindrus,GCA_949748235.1,PRJEB60808,published_open,yes
Adelopsella bosnica,GCA_977014165.1,PRJEB77392,published_open,yes
Chrysolina haemoptera,GCA_958298965.1,PRJEB64038,published_open,yes
Phosphuga atrata,GCA_944588485.1,PRJEB53719,published_open,yes
Hololepta plana,GCA_963695495.2,PRJEB70901,published_open,yes
Salpingus planirostris,GCA_949788335.1,PRJEB61168,published_open,yes
Phaedon cochleariae,GCA_979016925.1,PRJEB107948,published_open,yes
Cryptocephalus primarius,GCA_963576515.1,PRJEB68110,published_open,yes
Dorcus parallelipipedus,GCA_958336345.1,PRJEB64318,published_open,yes
Hermaeophaga mercurialis,GCA_951812935.1,PRJEB63008,published_open,yes
Orchestes rusci,GCA_958502075.1,PRJEB64389,published_open,yes
Taphrorychus bicolor,GCA_951812265.1,PRJEB62903,published_open,yes
Bathyscidius tristiculus,GCA_979853965.1,PRJEB77394,published_open,yes
Chrysomela populi,GCA_965642295.1,PRJEB93767,published_open,yes
Anthroherpon ganglbaueri,GCA_978045665.1,PRJEB106987,published_open,yes
Elmis aenea,GCA_947652605.1,PRJEB58378,published_open,yes
Cryptophagus acutangulus,GCA_963556235.1,PRJEB67290,published_open,yes
Hippodamia convergens,GCA_038502775.1,PRJNA1017495,published_open,yes
Drusilla canaliculata,GCA_965644065.1,PRJEB94098,published_open,yes
Pachyrhynchus sulphureomaculatus,GCA_019049505.1,PRJNA731935,published_open,yes
Aulacophora lewisii,GCA_051251045.1,PRJNA1195038,published_open,yes
Brachypterus glaber,GCA_958510825.1,PRJEB64398,published_open,yes
Onthophagus binodis,GCA_054643895.1,PRJNA1308620,published_open,yes
Catharsius molossus,GCA_051362485.1,PRJNA1265283,published_open,yes
Larinus ursus,GCA_979861375.2,PRJEB89504,published_open,yes
Ichthyurus bourgeoisi,GCA_052863015.1,PRJNA1308319,published_open,yes
Nacerdes melanura,GCA_965279825.1,PRJEB89413,published_open,yes
Serrognathus titanus,GCA_039766575.1,PRJNA1100426,published_open,yes
Phyllobius pyri,GCA_980746795.1,PRJEB108506,published_open,yes
Attagenus pellio,GCA_978258735.1,PRJEB107203,published_open,yes
Propomacrus cypriacus,GCA_977019095.1,PRJEB90650,published_open,yes
Liophloeus tessulatus,GCA_978021545.1,PRJEB106583,published_open,yes
Laparocerus anagae,GCA_976997085.1,PRJEB98920,published_open,yes
Dromius quadrimaculatus,GCA_963989225.1,PRJEB73740,published_open,yes
Stenocarus ruficornis,GCA_977017535.1,PRJEB101941,published_open,yes
Kibakoganea sinica,GCA_043790905.1,PRJNA1120644,published_open,yes
Dendarus foraminosus,GCA_965152765.1,PRJEB77266,published_open,yes
Polydrusus impressifrons,GCA_977013515.1,PRJEB100632,published_open,yes
Polydrusus pterygomalis,GCA_963969555.1,PRJEB73302,published_open,yes
Propylea quattuordecimpunctata,GCA_976925235.1,PRJEB97233,published_open,yes
Sisyphus schaefferi,GCA_977862225.1,PRJEB94609,published_open,yes
Aplotarsus incanus,GCA_978018165.1,PRJEB106232,published_open,yes
Odontolabis cuvera,GCA_049462965.1,PRJNA1201744,published_open,yes
Anisosticta novemdecimpunctata,GCA_964188095.1,PRJEB76704,published_open,yes
Stenosis austini,GCA_976980505.1,PRJEB91067,published_open,yes
Mononychus punctumalbum,GCA_977066395.1,PRJEB103978,published_open,yes
Tarphius canariensis,GCA_964277315.1,PRJEB81330,published_open,yes
Morimus orientalis,GCA_976714775.1,PRJEB96521,published_open,yes
Calvia quattuordecimguttata,GCA_964059645.1,PRJEB76103,published_open,yes
Mylabris sibirica,GCA_039776855.1,PRJNA1100439,published_open,yes
Otiorhynchus rugosostriatus,GCA_982191755.1,PRJEB109071,published_open,yes
Acupalpus parvulus,GCA_981690485.1,PRJEB108865,published_open,yes
Morimus asper,GCA_977013095.1,PRJEB94603,published_open,yes
Barypeithes pellucidus,GCA_963991005.1,PRJEB73828,published_open,yes
Ulomoides dermestoides,GCA_040954815.1,PRJNA1135335,published_open,yes
Tachinus rufipes,GCA_963932245.1,PRJEB72339,published_open,yes
Blaps rhynchoptera,GCA_042257705.1,PRJNA1040117,published_open,yes
Cynaeus angustus,GCA_030157275.1,PRJNA767403,published_open,yes
Chrysolina hyperici,GCA_982264245.1,PRJEB109775,published_open,yes
Serangium japonicum,GCA_040543525.2,PRJNA957052,published_open,yes
Hypera rumicis,GCA_965643735.1,PRJEB94005,published_open,yes
Cedrorum azoricus,GCA_965287095.1,PRJEB84164,published_open,yes
Stictoleptura scutellata,GCA_964212005.1,PRJEB78590,published_open,yes
Biphyllus lunatus,GCA_965194465.1,PRJEB86443,published_open,yes
Dalopius marginatus,GCA_965112895.1,PRJEB84404,published_open,yes
Amara familiaris,GCA_978120735.1,PRJEB107155,published_open,yes
Calodromius spilotus,GCA_977063495.1,PRJEB103060,published_open,yes
Tytthaspis sedecimpunctata,GCA_977970285.1,PRJEB105664,published_open,yes
Sitona lineatus,GCA_964263205.1,PRJEB79950,published_open,yes
Aegialia arenaria,GCA_978045345.1,PRJEB106972,published_open,yes
Herpes porcellus,GCA_981691985.1,PRJEB108880,published_open,yes
Anthocomus fasciatus,GCA_964258815.1,PRJEB79481,published_open,yes
Pachyrhinus lethierryi,GCA_965118235.1,PRJEB85256,published_open,yes
Denticollis linearis,GCA_964205235.1,PRJEB78455,published_open,yes
Pogonocherus hispidulus,GCA_963924545.1,PRJEB72078,published_open,yes
Malthodes marginatus,GCA_965119235.1,PRJEB85282,published_open,yes
Rhagonycha lignosa,GCA_965212295.1,PRJEB87035,published_open,yes
Harmonia quadripunctata,GCA_965642415.1,PRJEB93843,published_open,yes
Hemicrepidius hirtus,GCA_963082805.1,PRJEB64845,published_open,yes
Pycnomerus fuliginosus,GCA_963924575.1,PRJEB72072,published_open,yes
Cantharis pallida,GCA_978407175.1,PRJEB107253,published_open,yes
Carabus banonii,GCA_964291765.2,PRJEB77255,published_open,yes
Coccinella magnifica,GCA_965644565.1,PRJEB94210,published_open,yes
Laccobius striatulus,GCA_965654275.1,PRJEB94828,published_open,yes
Xestobium rufovillosum,GCA_963966045.2,PRJEB72516,published_open,yes
Subcoccinella vigintiquattuorpunctata,GCA_965783985.1,PRJEB95123,published_open,yes
Longitarsus dorsalis,GCA_965178105.1,PRJEB86221,published_open,yes
Anaglyptus mysticus,GCA_978041785.1,PRJEB106863,published_open,yes
Megatoma undata,GCA_965643495.1,PRJEB93942,published_open,yes
Galerucella sagittariae,GCA_980434365.1,PRJEB108406,published_open,yes
Anaspis regimbarti,GCA_964204715.1,PRJEB78394,published_open,yes
Grammoptera ruficornis,GCA_964332215.1,PRJEB82218,published_open,yes
Ampedus sanguinolentus,GCA_964234815.1,PRJEB79085,published_open,yes
Galerucella nymphaeae,GCA_963978555.1,PRJEB73618,published_open,yes
Phyllobius virideaeris,GCA_965643005.1,PRJEB93899,published_open,yes
Limonius poneli,GCA_965119595.1,PRJEB85520,published_open,yes
Calathus fuscipes,GCA_978122415.1,PRJEB107157,published_open,yes
Coccidula rufa,GCA_965178175.1,PRJEB86219,published_open,yes
Actenicerus siaelandicus,GCA_964234755.1,PRJEB79055,published_open,yes
Amara aenea,GCA_973350105.1,PRJEB96435,published_open,yes
Cryptorhynchus lapathi,GCA_965641385.1,PRJEB91872,published_open,yes
Carabus staehlini,GCA_977013385.1,PRJEB94624,published_open,yes
Thanatophilus sinuatus,GCA_051122355.1,PRJNA1195369,published_open,yes
Staphylinus erythropterus,GCA_964211955.1,PRJEB78587,published_open,yes
Kibakoganea tamdaoensis,GCA_046237675.1,PRJNA1188715,published_open,yes
Quedius lateralis,GCA_964338995.1,PRJEB82339,published_open,yes
Phratora vitellinae,GCA_977071015.1,PRJEB104225,published_open,yes
Platyrhinus resinosus,GCA_977061565.1,PRJEB102770,published_open,yes
Prionocyphon serricornis,GCA_965648515.1,PRJEB94376,published_open,yes
Pediacus dermestoides,GCA_963942485.1,PRJEB72467,published_open,yes
Leiosoma deflexum,GCA_965260835.1,PRJEB88798,published_open,yes
Bitoma crenata,GCA_964656825.2,PRJEB83598,published_open,yes
Opilo mollis,GCA_964338635.1,PRJEB82306,published_open,yes
Phaleria cadaverina,GCA_977013135.1,PRJEB100766,published_open,yes
Notoxus monoceros,GCA_965276455.1,PRJEB89052,published_open,yes
Lasiorhynchites cavifrons,GCA_976916715.1,PRJEB97130,published_open,yes
Phyllobius argentatus,GCA_965654255.1,PRJEB94830,published_open,yes
Oedemera lurida,GCA_979846555.1,PRJEB108216,published_open,yes
Clivina fossor,GCA_963966155.1,PRJEB72557,published_open,yes
Aphodius sticticus,GCA_963966075.1,PRJEB72519,published_open,yes
Crepidodera fulvicornis,GCA_965615805.1,PRJEB90966,published_open,yes
Orchesia undulata,GCA_965642315.1,PRJEB93772,published_open,yes
Aphidecta obliterata,GCA_963966015.1,PRJEB72512,published_open,yes
Bruchidius villosus,GCA_965643515.1,PRJEB93937,published_open,yes
Dailognatha quadricollis,GCA_965183915.1,PRJEB77130,published_open,yes
Leistus rufomarginatus,GCA_966112595.1,PRJEB95788,published_open,yes
Eledona agricola,GCA_964023215.2,PRJEB74607,published_open,yes
Lordithon lunulatus,GCA_963942505.1,PRJEB72465,published_open,yes
Aphodius granarius,GCA_963971325.1,PRJEB73495,published_open,yes
Calathus melanocephalus,GCA_966096355.1,PRJEB95786,published_open,yes
Tillus elongatus,GCA_964006375.1,PRJEB74021,published_open,yes
Euwallacea similis,GCA_039881205.1,PRJNA1086994,published_open,yes
Euwallacea similis,GCF_039881205.1,PRJNA1086994,published_open,yes
Tetropium fuscum,GCA_964058775.1,PRJEB75844,published_open,yes
Chrysina gloriosa,GCA_038088585.1,PRJNA1043134,published_open,yes
Notiophilus biguttatus,GCA_965642445.1,PRJEB93845,published_open,yes
Endomychus armeniacus,GCA_977013105.1,PRJEB96518,published_open,yes
Ocys tachysoides,GCA_965282375.1,PRJEB89445,published_open,yes
Eulagius filicornis,GCA_965643585.1,PRJEB93940,published_open,yes
Dorcus hopei,GCA_033060865.1,PRJNA978836,published_open,yes
Stenus bimaculatus,GCA_963971135.1,PRJEB73464,published_open,yes
Ceutorhynchus assimilis,GCA_917834065.1,PRJEB47903,published_open,yes
Mycetophagus atomarius,GCA_977112535.1,PRJEB104609,published_open,yes
Sambus kanssuensis,GCA_047651835.1,PRJNA1213008,published_open,yes
Crudosilis ruficollis,GCA_978018155.1,PRJEB106235,published_open,yes
Bruchidius varius,GCA_964204745.1,PRJEB78407,published_open,yes
Platydracus latebricola,GCA_978021435.1,PRJEB106586,published_open,yes
Kyklioacalles roboris,GCA_964211925.1,PRJEB78586,published_open,yes
Leistus fulvibarbis,GCA_965644575.1,PRJEB94212,published_open,yes
Altica lythri,GCA_964028335.1,PRJEB74861,published_open,yes
Chrysolina graminis,GCA_964197785.1,PRJEB77184,published_open,yes
Nalassus laevioctostriatus,GCA_965649385.1,PRJEB94436,published_open,yes
Agonum viduum,GCA_978021445.1,PRJEB106581,published_open,yes
Aphodius fimetarius,GCA_964211865.1,PRJEB78531,published_open,yes
Amara convexiuscula,GCA_981560045.1,PRJEB108814,published_open,yes
Diplocoelus fagi,GCA_975146085.1,PRJEB96811,published_open,yes
Anobium punctatum,GCA_965643755.1,PRJEB94002,published_open,yes
Curculio glandium,GCA_965648435.1,PRJEB94373,published_open,yes
Colydium elongatum,GCA_964656385.1,PRJEB83423,published_open,yes
Sphaeroderma testaceum,GCA_971796245.1,PRJEB96099,published_open,yes
Dorysthenes granulosus,GCA_052815825.1,PRJNA1309263,published_open,yes
Podagrica fuscicornis,GCA_980253055.1,PRJEB108297,published_open,yes
Pterostichus vernalis,GCA_965283465.1,PRJEB89592,published_open,yes
Silvanus unidentatus,GCA_963930825.1,PRJEB72183,published_open,yes
Cantharis decipiens,GCA_965642435.1,PRJEB93841,published_open,yes
Chrysomela saliceti,GCA_965121785.1,PRJEB85414,published_open,yes
Malthinus seriepunctatus,GCA_963924605.1,PRJEB72083,published_open,yes
Rhizotrogus aestivus,GCA_965643555.1,PRJEB93944,published_open,yes
Cis bilamellatus,GCA_977930235.1,PRJEB105253,published_open,yes
Monotoma picipes,GCA_977065965.1,PRJEB103784,published_open,yes
Mycetophagus piceus,GCA_965642255.1,PRJEB93769,published_open,yes
Betulapion simile,GCA_966183525.1,PRJEB95842,published_open,yes
Malthodes minimus,GCA_964263285.1,PRJEB79898,published_open,yes
Prionychus ater,GCA_965112505.1,PRJEB84216,published_open,yes
Philopedon plagiatum,GCA_963971165.1,PRJEB73466,published_open,yes
Catops nigricans,GCA_965642125.1,PRJEB92392,published_open,yes
Lesteva pubescens,GCA_965644545.1,PRJEB94213,published_open,yes
Diabrotica balteata,GCA_918026665.1,PRJEB47897,published_open,yes
Librodor japonicus,GCA_046866795.1,PRJNA1202356,published_open,yes
Longitarsus flavicornis,GCA_964258785.1,PRJEB79478,published_open,yes
Psylliodes chrysocephalus,GCA_927349885.1,PRJEB47896,published_open,yes
Microrhagus pygmaeus,GCA_965643785.1,PRJEB94007,published_open,yes
Chrysolina herbacea,GCA_979300175.1,PRJEB107946,published_open,yes
Drilus flavescens,GCA_973896625.1,PRJEB96437,published_open,yes
Lathrobium brunnipes,GCA_965240315.1,PRJEB88417,published_open,yes
Tachyporus hypnorum,GCA_965783885.1,PRJEB95124,published_open,yes
Acupalpus dubius,GCA_977071005.1,PRJEB104223,published_open,yes
Anthobium unicolor,GCA_965663565.1,PRJEB94974,published_open,yes
Crepidodera aurata,GCA_965645225.1,PRJEB94310,published_open,yes
Grypus equiseti,GCA_964656865.1,PRJEB83600,published_open,yes
Radziella styx,GCA_979475445.1,PRJEB85637,published_open,yes
Taeniapion urticarium,GCA_978019935.1,PRJEB106457,published_open,yes
Metoecus paradoxus,GCA_965282865.1,PRJEB89532,published_open,yes
Anaspis frontalis,GCA_964243895.1,PRJEB79335,published_open,yes
Ontholestes murinus,GCA_963969525.1,PRJEB73304,published_open,yes
Gonodera luperus,GCA_977014565.1,PRJEB101655,published_open,yes
Pterostichus diligens,GCA_976289695.1,PRJEB96225,published_open,yes
Cryptocephalus pusillus,GCA_965663585.1,PRJEB94975,published_open,yes
Luciola italica,GCA_054859625.1,PRJNA1090789,published_open,yes
Chaetocnema hortensis,GCA_965653155.1,PRJEB94557,published_open,yes
Lesteva punctata,GCA_975739945.1,PRJEB97788,published_open,yes
Paederus riparius,GCA_978046105.1,PRJEB107037,published_open,yes
Magdalis cerasi,GCA_965642045.1,PRJEB92160,published_open,yes
Carabus nemoralis,GCA_977790985.1,PRJEB104832,published_open,yes
Pseudocistela ceramboides,GCA_965601595.1,PRJEB90520,published_open,yes
Magdalis barbicornis,GCA_965663545.1,PRJEB94978,published_open,yes
Xantholinus longiventris,GCA_978045125.1,PRJEB106917,published_open,yes
Coelostoma orbiculare,GCA_979606585.1,PRJEB108172,published_open,yes
Rhyzobius forestieri,GCA_966185095.1,PRJEB95843,published_open,yes
Leptinotarsa decemlineata,GCA_025532065.1,PRJNA750038,published_open,yes
Leptinotarsa decemlineata,GCF_025532065.1,PRJNA750038,published_open,yes
Rhynchophorus ferrugineus,GCA_030347505.2,PRJNA950221,published_open,yes
Rhynchophorus ferrugineus,GCF_030347505.1,PRJNA950221,published_open,yes
Dendroctonus ponderosae,GCA_020466585.2,PRJNA638278,published_open,yes
Dendroctonus ponderosae,GCF_020466585.1,PRJNA638278,published_open,yes
Anoplophora glabripennis,GCA_000390285.2,PRJNA167479,published_open,conditional
Anoplophora glabripennis,GCF_000390285.2,PRJNA167479,published_open,conditional
Popillia japonica,GCA_042919845.1,PRJNA1120502,published_open,yes
Agrilus planipennis,GCA_000699045.2,PRJNA230921,published_open,yes
Agrilus planipennis,GCF_000699045.2,PRJNA230921,published_open,yes
Oryctes rhinoceros,GCA_020654165.1,PRJNA752921,published_open,yes
Nicrophorus vespilloides,GCA_001412225.1,PRJNA284849,published_open,conditional
Nicrophorus vespilloides,GCF_001412225.1,PRJNA284849,published_open,conditional
Chrysomela aeneicollis,GCA_029955515.1,PRJNA941318,published_open,yes
Sitophilus oryzae,GCA_002938485.2,PRJNA431034,published_open,yes
Sitophilus oryzae,GCF_002938485.1,PRJNA431034,published_open,yes
Oryzaephilus surinamensis,GCA_052058915.1,PRJNA1282779,published_open,no
Hypothenemus hampei,GCA_041296355.1,PRJNA1110552,published_open,yes
Henosepilachna vigintioctopunctata,GCA_030704895.1,PRJNA626074,published_open,conditional
Cylas formicarius,GCA_029955315.1,PRJNA832148,published_open,yes
Cylas formicarius,GCF_029955315.1,PRJNA832148,published_open,yes
Dendroctonus valens,GCA_024550625.1,PRJNA765904,published_open,yes
Zophobas morio,GCA_036711695.1,PRJNA1015527,published_open,conditional
Zophobas morio,GCF_036711695.1,PRJNA1015527,published_open,conditional
Tribolium confusum,GCA_029207805.1,PRJNA782542,published_open,yes
Photinus pyralis,GCA_008802855.1,PRJNA378805,published_open,yes
Photinus pyralis,GCF_008802855.1,PRJNA378805,published_open,yes
Limonius californicus,GCA_014611495.1,PRJNA595620,published_open,no
Elaeidobius kamerunicus,GCA_014849505.1,PRJNA637822,published_open,no
Asbolus verrucosus,GCA_047676225.1,PRJNA1076268,published_open,conditional
Cryptolaemus montrouzieri,GCA_013387265.2,PRJNA626074,published_open,yes
Diaprepes abbreviatus,GCA_034092305.1,PRJNA973042,published_open,conditional
Dicheirus dilatatus,GCA_043773905.1,PRJNA1118742,published_open,yes
Acanthoscelides obtectus,GCA_963669975.1,PRJEB69220,published_open,yes
Cosmopolites sordidus,GCA_031761425.1,PRJNA817621,published_open,conditional
Lampyris noctiluca,GCA_050947525.1,PRJNA1238231,published_open,conditional
Gonioctena quinquepunctata,GCA_018342105.1,PRJNA701158,published_open,conditional
Trigonoscuta pilosa,GCA_046128435.1,PRJNA1136468,published_open,yes
Pissodes strobi,GCA_016904865.1,PRJNA588625,published_open,conditional
Dynastes hercules reidi,GCA_051939025.1,PRJNA815811,published_open,yes
Digitonthophagus gazella,GCA_036711955.1,PRJNA966967,published_open,yes
Agriotes sputator,GCA_044115325.2,PRJNA1137986,published_open,yes
Mylabris phalerata,GCA_020740385.1,PRJNA773621,published_open,conditional
Sternochetus mangiferae,GCA_051294475.1,PRJNA1199592,published_open,conditional
Larinus minutus,GCA_041228525.2,PRJNA1137999,published_open,yes
Dalotia coriaria,GCA_025399875.3,PRJNA342849,published_open,yes
Dalotia coriaria,GCF_025399875.1,PRJNA342849,published_open,yes
Epicauta chinensis,GCA_021725515.1,PRJNA683094,published_open,conditional
Anthonomus rubi,GCA_050242925.2,PRJNA1153348,published_open,yes
Hycleus cichorii,GCA_013841215.1,PRJNA390850,published_open,no
Tribolium madens,GCA_015345945.1,PRJNA668153,published_open,yes
Tribolium madens,GCF_015345945.1,PRJNA668153,published_open,yes
Neoclytus acuminatus acuminatus,GCA_047371185.1,PRJNA1201218,published_open,conditional
Batocera rufomaculata,GCA_050941775.1,PRJNA1209233,published_open,conditional
Rosalia funebris,GCA_037954035.1,PRJNA1063281,published_open,conditional
Donacia provostii,GCA_052550795.1,PRJNA1238083,published_open,yes
Rhagophthalmus giganteus,GCA_036326145.1,PRJNA884806,published_open,conditional
Phanaeus vindex,GCA_054832365.1,PRJNA1304933,published_open,yes
Agriotes ferrugineipennis,GCA_044115295.2,PRJNA1137978,published_open,yes
Onthophagus sagittarius,GCA_036711965.1,PRJNA966935,published_open,yes
Sinelater perroti,GCA_036346155.1,PRJNA884806,published_open,conditional
Stenolophus ochropezus,GCA_035578165.1,PRJNA849189,published_open,yes
Agriotes mancus,GCA_041228495.2,PRJNA1137982,published_open,yes
Dynastes maya,GCA_029619315.2,PRJNA815811,published_open,yes
Novius pumilus,GCA_020654155.1,PRJNA626074,published_open,conditional
Meloe dianella,GCA_028455855.1,PRJNA867391,published_open,conditional
Platerodrilus igneus,GCA_036346225.1,PRJNA884806,published_open,conditional
Lycocerus yunnanus,GCA_036346125.1,PRJNA884806,published_open,conditional
Troglocharinus ferreri,GCA_982185335.1,PRJEB96376,published_open,conditional
Vesta saturnalis,GCA_036346205.1,PRJNA884806,published_open,conditional
Sinopyrophorus schimmeli,GCA_036325965.1,PRJNA884806,published_open,conditional
Micraspis discolor,GCA_030674115.1,PRJNA626074,published_open,conditional
Calosoma relictum,GCA_055275695.1,PRJNA1390611,published_open,conditional
Canthon chalcites,GCA_054832385.1,PRJNA1304937,published_open,yes
Lucanus miwai,GCA_050437245.1,PRJNA1196107,published_open,yes
Calosoma tepidum,GCA_044734075.1,PRJNA1160031,published_open,yes
Agriotes obscurus,GCA_040955315.2,PRJNA1117586,published_open,yes
Exocentrus adspersus,GCA_029955175.1,PRJNA609440,published_open,conditional
Lethrus apterus,GCA_051989325.1,PRJNA1285827,published_open,yes
Labidomera clivicollis,GCA_051313465.2,PRJNA1153340,published_open,yes
Kuschelorhynchus macadamiae,GCA_030620095.1,PRJNA1000277,published_open,conditional
Dynastes tityus,GCA_029618875.2,PRJNA815811,published_open,yes
Carabus depressus,GCA_048127345.1,PRJNA1171461,published_open,conditional
Trypodendron lineatum,GCA_055532135.1,PRJNA1368887,published_open,conditional
Rhamnusium bicolor,GCA_029963845.1,PRJNA609440,published_open,conditional
Cynegetis impunctata,GCA_030704885.1,PRJNA626074,published_open,conditional
Calosoma wilkesii,GCA_044734065.1,PRJNA1160031,published_open,yes
Zygogramma bicolorata,GCA_032362365.1,PRJNA1010988,published_open,conditional
Dermolepida albohirtum,GCA_031893035.2,PRJNA1001588,published_open,conditional
Abscondita cerata,GCA_030710515.1,PRJNA699421,published_open,conditional
Lethrus scoparius,GCA_052696345.1,PRJNA1091353,published_open,conditional
Dynastes grantii,GCA_029619325.2,PRJNA815811,published_open,yes
Araecerus fasciculatus,GCA_050578095.1,PRJNA1031120,published_open,conditional
Agriotes pubescens,GCA_044115395.2,PRJNA1137974,published_open,conditional
Astagobius angustatus,GCA_965278915.1,PRJEB76282,published_open,conditional
Nebria ingens riversi,GCA_018344505.1,PRJNA671697,published_open,conditional
Carabus blaptoides fortunei,GCA_050785175.1,PRJDB5357,published_open,yes
Oryctes borbonicus,GCA_902654985.2,PRJEB34604,published_open,yes
Molorchus minor,GCA_029963825.1,PRJNA609440,published_open,conditional
Xyleborus bispinatus,GCA_049176215.1,PRJNA1215904,published_open,yes
Listronotus bonariensis,GCA_014170235.1,PRJNA640511,published_open,conditional
Marronus borbonicus,GCA_902655005.2,PRJEB34604,published_open,yes
Diploeciton nevermanni,GCA_027575565.1,PRJNA341503,published_open,yes
Xyleborus affinis,GCA_046766355.1,PRJNA1169561,published_open,yes
Dynastes hyllus,GCA_029619255.2,PRJNA815811,published_open,yes
Hycleus phaleratus,GCA_013841185.1,PRJNA390850,published_open,no
Hydrochus callosus,GCA_033557855.1,PRJNA977672,published_open,no
Listronotus oregonensis,GCA_019359885.1,PRJNA726155,published_open,no
Helochares maculicollis,GCA_033557835.1,PRJNA977672,published_open,no
Carabus esakii,GCA_054785535.1,PRJDB5403,published_open,yes
Calligrapha alni,GCA_046129895.1,PRJNA1153342,published_open,no
Plateumaris germari,GCA_050242995.1,PRJNA1153337,published_open,no
Sperchopsis tessellata,GCA_033557685.1,PRJNA977672,published_open,no
Ignelater luminosus,GCA_011009095.1,PRJNA418169,published_open,no
Lydus trimaculatus,GCA_037414755.1,PRJNA1067880,published_open,no
Anaulacaspis nigra,GCA_030264675.1,PRJNA764224,published_open,no
Xyleborus glabratus,GCA_049176235.1,PRJNA1215918,published_open,no
Coptodactyla brooksi,GCA_033557675.1,PRJNA977672,published_open,no
Ecitoglossa quadriceps,GCA_027574925.1,PRJNA352555,published_open,conditional
Nipponaphaenops erraticus,GCA_050230155.1,PRJNA1237515,published_open,no
Galerucella tenella,GCA_910591685.1,PRJEB44256,published_open,no
Iselma pallidipennis,GCA_037464855.1,PRJNA1067880,published_open,no
Galerucella calmariensis,GCA_910591675.1,PRJEB44256,published_open,no
Mimaenictus wilsoni,GCA_027575185.1,PRJNA397438,published_open,no
Galerucella pusilla,GCA_910591695.1,PRJEB44256,published_open,no
Nicrophorus orbicollis,GCA_018845635.2,PRJNA371654,published_open,no
Calosoma granatense,GCA_022063505.1,PRJNA706924,published_open,yes
Aleochara bilineata,GCA_003054995.1,PRJNA378164,published_open,no
Trechiama lewisi,GCA_050230255.1,PRJNA1237515,published_open,no
Quadriops clusia,GCA_033557875.1,PRJNA977672,published_open,no
Osmoderma eremita,GCA_031763485.1,PRJNA901143,published_open,no
Zonitis immaculata,GCA_037414775.1,PRJNA1067880,published_open,no
Trechiama kuznetsovi,GCA_054771555.1,PRJDB15628,published_open,no
Stenodera caucasica,GCA_037414795.1,PRJNA1067880,published_open,no
Liometoxenus newtonarum,GCA_030264535.1,PRJNA764224,published_open,no
Weissflogia rhopalogaster,GCA_019419845.2,PRJNA397445,published_open,no
Enochrus cinctus,GCA_033557785.1,PRJNA977672,published_open,no
Adranes taylori,GCA_009867245.2,PRJNA397423,published_open,no
Ecitophya simulans,GCA_027574965.2,PRJNA342851,published_open,no
Platyusa sonomae,GCA_027576655.1,PRJNA397579,published_open,no
Blemus discus,GCA_050230235.1,PRJNA1237515,published_open,no
Sceptobius lativentris,GCA_025399995.1,PRJNA397576,published_open,no
Labidoglobus nevermanni,GCA_025447835.1,PRJNA352554,published_open,no
Leptinotarsa lineolata,GCA_015342045.1,PRJNA580490,published_open,no
Oxypoda opaca,GCA_030264175.1,PRJNA764224,published_open,no
Leptinotarsa undecemlineata,GCA_015342065.1,PRJNA580490,published_open,no
Leptinotarsa texana,GCA_015342105.1,PRJNA580490,published_open,no
Pseudomimeciton antennatum,GCA_027576155.1,PRJNA342853,published_open,no
Mylabris variabilis,GCA_037464815.1,PRJNA1067880,published_open,no
Leptinotarsa defecta,GCA_015342085.1,PRJNA580490,published_open,no
Lissagria laeviuscula,GCA_030264695.1,PRJNA764224,published_open,no
Atheta pasadenae,GCA_030264155.1,PRJNA764224,published_open,no
Ecitomorpha arachnoides,GCA_027574945.2,PRJNA352556,published_open,no
Thyregis relictus,GCA_033557495.1,PRJNA977672,published_open,no
Kurasawatrechus hirakei hirakei,GCA_050230135.1,PRJNA1237515,published_open,no
Coproporus ventriculus,GCA_027574865.2,PRJNA342850,published_open,no
Amphistomus primonactus,GCA_033557545.1,PRJNA977672,published_open,no
Leptinotarsa tumamoca,GCA_015342025.1,PRJNA580490,published_open,no
Diorygopyx duplodentatus,GCA_033557515.1,PRJNA977672,published_open,no
Leptinotarsa peninsularis,GCA_015342205.1,PRJNA580490,published_open,no
Deinopsis erosa,GCA_027574845.2,PRJNA361286,published_open,no
Earota dentata,GCA_027574905.2,PRJNA361303,published_open,no
Leptinotarsa rubiginosa,GCA_015342145.1,PRJNA580490,published_open,no
Leptinotarsa juncta,GCA_015342185.1,PRJNA580490,published_open,no
Phrixothrix hirtus,GCA_024586415.1,PRJNA741915,published_open,no
Leptinotarsa haldemani,GCA_015342125.1,PRJNA580490,published_open,no
Tetradonia laticeps,GCA_025400035.1,PRJNA342852,published_open,no
Dorylogaster longipes,GCA_027580035.1,PRJNA342857,published_open,no
Cypha longicornis,GCA_030264615.1,PRJNA764224,published_open,no
Aenictocupidus jacobsonorum,GCA_010014765.2,PRJNA397425,published_open,no
Temnoplectron lewisense,GCA_033557385.1,PRJNA977672,published_open,no
Labidopullus appendiculatus,GCA_027574705.1,PRJNA352553,published_open,no
Sarophorus costatus,GCA_032191635.1,PRJNA977672,published_open,no
Chrysina resplendens,GCA_010091895.2,PRJNA341359,published_open,no
Alaus oculatus,GCA_009852465.2,PRJNA578932,published_open,no
Aphodius immundus,GCA_032191705.1,PRJNA977672,published_open,no
Caccobius schreberi,GCA_033557405.1,PRJNA977672,published_open,no
Helictopleurus sicardi,GCA_033557245.1,PRJNA977672,published_open,no
Euoniticellus fulvus,GCA_032191655.1,PRJNA977672,published_open,no
Copris fidius,GCA_032191685.1,PRJNA977672,published_open,no
Nanos vadoni,GCA_032191565.1,PRJNA977672,published_open,no
Epilissus splendidus,GCA_033557285.1,PRJNA977672,published_open,no
Anoplophora glabripennis,GCA_054644005.1,PRJNA1393341,to_verify,yes
Dailognatha quadricollis,GCA_976941425.1,PRJEB97075,check_ebp_dtol,yes
Tribolium castaneum,GCA_041430155.1,PRJNA1077124,to_verify,yes
Leptinotarsa decemlineata,GCA_024712935.1,PRJNA854273,to_verify,yes
Harmonia axyridis,GCA_011033045.2,PRJNA579455,to_verify,yes
Tenebrio molitor,GCA_037075425.1,PRJNA886748,to_verify,yes
Monochamus alternatus,GCA_035320865.1,PRJNA819115,to_verify,yes
Plagiodera versicolora,GCA_035321685.1,PRJNA1045844,to_verify,yes
Plagiodera versicolora,GCA_963584125.1,PRJEB68210,check_ebp_dtol,yes
Plagiodera versicolora,GCA_047716315.1,PRJNA1194376,to_verify,yes
Chrysomela aeneicollis,GCA_027562985.1,PRJNA693623,to_verify,yes
Anthonomus grandis thurberiae,GCA_030068095.1,PRJNA807464,to_verify,yes
Euwallacea fornicatus,GCA_040115655.1,PRJNA1086994,to_verify,yes
Agrilus mali,GCA_029378335.1,PRJNA933091,to_verify,yes
Tribolium confusum,GCA_019155225.1,PRJNA715483,to_verify,yes
Rhyzopertha dominica,GCA_054553145.1,PRJNA1330578,to_verify,yes
Ips sexdentatus,GCA_976954485.1,PRJEB98042,check_ebp_dtol,yes
Arhopalus rusticus,GCA_964213965.2,PRJEB78853,check_ebp_dtol,yes
Arhopalus rusticus,GCA_964213945.2,PRJEB78854,check_ebp_dtol,yes
Amara ovata,GCA_965279875.1,PRJEB89411,check_ebp_dtol,yes
Phaedon cochleariae,GCA_918026855.4,PRJEB47900,check_ebp_dtol,yes
Polydrusus tereticollis,GCA_963576705.1,PRJEB68123,check_ebp_dtol,yes
Tribolium freemani,GCA_022388455.1,PRJNA764226,to_verify,yes
Agriotes lineatus,GCA_940337035.1,PRJEB47908,check_ebp_dtol,yes
Onthophagus binodis,GCA_054643955.1,PRJNA1308621,to_verify,yes
Laparocerus anagae,GCA_976997095.1,PRJEB83458,check_ebp_dtol,yes
Hypera rumicis,GCA_965643715.1,PRJEB94004,check_ebp_dtol,yes
Amara familiaris,GCA_978123715.1,PRJEB107154,check_ebp_dtol,yes
Laccobius striatulus,GCA_965654235.1,PRJEB94829,check_ebp_dtol,yes
Biphyllus lunatus,GCA_965194665.1,PRJEB86442,check_ebp_dtol,yes
Limonius poneli,GCA_965119585.1,PRJEB85521,check_ebp_dtol,yes
Phyllobius virideaeris,GCA_965642995.1,PRJEB93898,check_ebp_dtol,yes
Prionocyphon serricornis,GCA_965648555.1,PRJEB94377,check_ebp_dtol,yes
Phyllobius argentatus,GCA_965654395.1,PRJEB94831,check_ebp_dtol,yes
Lasiorhynchites cavifrons,GCA_976919195.1,PRJEB97131,check_ebp_dtol,yes
Euwallacea similis,GCA_039881215.1,PRJNA1086994,to_verify,yes
Leistus fulvibarbis,GCA_965644585.1,PRJEB94211,check_ebp_dtol,yes
Nalassus laevioctostriatus,GCA_965649375.1,PRJEB94437,check_ebp_dtol,yes
Catops nigricans,GCA_965642105.1,PRJEB92393,check_ebp_dtol,yes
Larinus planus,GCA_977012685.1,PRJEB101225,check_ebp_dtol,yes
Drilus flavescens,GCA_973896695.1,PRJEB96436,check_ebp_dtol,yes
Chaetocnema hortensis,GCA_965653175.1,PRJEB94556,check_ebp_dtol,yes
Anthobium unicolor,GCA_965663555.1,PRJEB94973,check_ebp_dtol,yes
Tribolium castaneum,GCA_031307295.1,PRJNA866666,to_verify,conditional
Harmonia axyridis,GCA_914767675.1,PRJEB47374,check_ebp_dtol,conditional
Harmonia axyridis,GCA_003402655.2,PRJDB3183,to_verify,yes
Harmonia axyridis,GCA_003865315.1,PRJDB7050,to_verify,conditional
Harmonia axyridis,GCA_003865295.1,PRJDB7050,to_verify,conditional
Harmonia axyridis,GCA_003865275.1,PRJDB7050,to_verify,no
Leptinotarsa decemlineata,GCA_025532075.1,PRJNA750038,to_verify,conditional
Leptinotarsa decemlineata,GCA_025532095.1,PRJNA750038,to_verify,yes
Tenebrio molitor,GCA_907166875.3,PRJEB44755,check_ebp_dtol,yes
Tenebrio molitor,GCA_027725215.1,PRJNA820846,to_verify,yes
Tenebrio molitor,GCA_963966125.1,PRJEB72559,check_ebp_dtol,conditional
Rhynchophorus ferrugineus,GCA_014490705.1,PRJNA601952,to_verify,conditional
Rhynchophorus ferrugineus,GCA_014462685.1,PRJNA599933,to_verify,conditional
Rhynchophorus ferrugineus,GCA_012979105.1,PRJNA524026,to_verify,yes
Tenebrio molitor,GCA_014282415.3,PRJNA579236,to_verify,no
Dendroctonus ponderosae,GCA_020466635.2,PRJNA638274,to_verify,yes
Dendroctonus ponderosae,GCA_000346045.2,PRJNA179493,to_verify,conditional
Callosobruchus maculatus,GCA_951848785.1,PRJEB62873,check_ebp_dtol,conditional
Callosobruchus maculatus,GCA_900659725.1,PRJEB30475,check_ebp_dtol,conditional
Callosobruchus maculatus,GCA_949361665.2,PRJEB60338,check_ebp_dtol,yes
Popillia japonica,GCA_042919755.1,PRJNA1120503,to_verify,yes
Trypoxylus dichotomus,GCA_014905495.1,PRJDB10500,to_verify,conditional
Popillia japonica,GCA_040143775.1,PRJNA860365,to_verify,conditional
Trypoxylus dichotomus,GCA_050785125.1,PRJDB12657,to_verify,yes
Popillia japonica,GCA_004785975.1,PRJNA514809,to_verify,no
Popillia japonica,GCA_031211285.1,PRJNA358717,to_verify,no
Onthophagus taurus,GCA_033624655.1,PRJNA977672,to_verify,no
Nicrophorus vespilloides,GCA_048003765.1,PRJNA1123269,to_verify,yes
Plagiodera versicolora,GCA_963585885.1,PRJEB68209,check_ebp_dtol,conditional
Aethina tumida,GCA_024364635.1,PRJNA825646,to_verify,conditional
Plagiodera versicolora,GCA_025400015.1,PRJNA497053,to_verify,no
Chrysomela aeneicollis,GCA_029955535.1,PRJNA941317,to_verify,yes
Oryzaephilus surinamensis,GCA_004796505.1,PRJNA356192,to_verify,no
Anthonomus grandis grandis,GCA_022605985.2,PRJNA807391,to_verify,conditional
Anthonomus grandis thurberiae,GCA_030068065.1,PRJNA812949,to_verify,conditional
Coccinella septempunctata,GCA_907165185.1,PRJEB44628,check_ebp_dtol,conditional
Euwallacea fornicatus,GCA_042767475.1,PRJNA1120046,to_verify,yes
Euwallacea fornicatus,GCA_040114445.1,PRJNA1092095,to_verify,conditional
Euwallacea fornicatus,GCA_042767365.1,PRJNA1120047,to_verify,yes
Euwallacea fornicatus,GCA_040114495.1,PRJNA1092095,to_verify,conditional
Cylas formicarius,GCA_029955295.1,PRJNA942419,to_verify,conditional
Hypothenemus hampei,GCA_013372445.1,PRJNA626647,to_verify,conditional
Coccinella septempunctata,GCA_003568925.1,PRJDB7050,to_verify,no
Hypothenemus hampei,GCA_001012855.1,PRJNA279497,to_verify,no
Zophobas morio,GCA_042767095.1,PRJNA1154464,to_verify,yes
Aleochara curtula,GCA_963978855.1,PRJEB73700,check_ebp_dtol,conditional
Adalia bipunctata,GCA_910591895.1,PRJEB45687,check_ebp_dtol,yes
Poecilus cupreus,GCA_963942615.1,PRJEB72472,check_ebp_dtol,yes
Rhyzopertha dominica,GCA_025024175.1,PRJNA449115,to_verify,yes
Zophobas morio,GCA_027724725.1,PRJNA820846,to_verify,yes
Tribolium confusum,GCA_029207795.1,PRJNA803226,to_verify,conditional
Gnatocerus cornutus,GCA_029298695.1,PRJNA816610,to_verify,no
Elaeidobius kamerunicus,GCA_945836925.1,PRJEB54717,check_ebp_dtol,no
Asbolus verrucosus,GCA_047676095.1,PRJNA1076267,to_verify,conditional
Lagria hirta,GCA_947359435.1,PRJEB57605,check_ebp_dtol,conditional
Dicheirus dilatatus,GCA_043773845.1,PRJNA1118743,to_verify,yes
Philonthus spinipes,GCA_963082675.1,PRJEB64819,check_ebp_dtol,conditional
Uleiota planata,GCA_965112435.1,PRJEB84219,check_ebp_dtol,yes
Diorhabda carinulata,GCA_026250545.1,PRJNA887102,to_verify,conditional
Melanotus villosus,GCA_963082845.1,PRJEB64849,check_ebp_dtol,yes
Gastrophysa viridula,GCA_965641435.1,PRJEB91874,check_ebp_dtol,yes
Acanthoscelides obtectus,GCA_933228535.1,PRJEB51445,check_ebp_dtol,conditional
Diabrotica undecimpunctata,GCA_040955085.1,PRJNA1090231,to_verify,conditional
Rhagonycha fulva,GCA_905340395.1,PRJEB43727,check_ebp_dtol,conditional
Liopterus haemorrhoidalis,GCA_963971565.1,PRJEB73543,check_ebp_dtol,conditional
Melinopterus prodromus,GCA_964023935.1,PRJEB74735,check_ebp_dtol,conditional
Trigonoscuta pilosa,GCA_046128455.1,PRJNA1136469,to_verify,conditional
Protaetia brevitarsis,GCA_004143645.1,PRJNA477715,to_verify,yes
Ophraella communa,GCA_902651945.1,PRJEB35242,check_ebp_dtol,conditional
Diorhabda sublineata,GCA_026230165.1,PRJNA887111,to_verify,conditional
Diorhabda carinata,GCA_029229525.1,PRJNA887446,to_verify,conditional
Latheticus oryzae,GCA_030157245.1,PRJNA816611,to_verify,conditional
Diorhabda elongata,GCA_026230125.1,PRJNA887437,to_verify,no
Diorhabda carinulata,GCA_020975425.1,PRJNA513507,to_verify,conditional
Asbolus verrucosus,GCA_004193795.1,PRJNA354432,to_verify,no
Cetonia aurata,GCA_949128095.1,PRJEB59501,check_ebp_dtol,conditional
Dynastes hercules hercules,GCA_051939005.1,PRJNA815811,to_verify,yes
Dynastes hercules paschoali,GCA_051938985.1,PRJNA815811,to_verify,yes
Dynastes hercules septentrionalis,GCA_051938965.1,PRJNA815811,to_verify,yes
Tribolium madens,GCA_965279765.1,PRJEB89229,check_ebp_dtol,conditional
Agriotes sputator,GCA_044115275.2,PRJNA1137987,to_verify,yes
Aromia moschata,GCA_965642155.1,PRJEB92390,check_ebp_dtol,yes
Leptura quadrifasciata,GCA_963675865.1,PRJEB69337,check_ebp_dtol,conditional
Hallomenus binotatus,GCA_965648505.1,PRJEB94375,check_ebp_dtol,yes
Serica brunnea,GCA_973358345.1,PRJEB96438,check_ebp_dtol,yes
Adalia decempunctata,GCA_951802185.1,PRJEB62626,check_ebp_dtol,conditional
Harpalus anxius,GCA_965601815.1,PRJEB90519,check_ebp_dtol,yes
Agriotes lineatus,GCA_965788365.1,PRJEB95120,check_ebp_dtol,yes
Lochmaea capreae,GCA_949126855.1,PRJEB59459,check_ebp_dtol,yes
Diaperis boleti,GCA_963583915.1,PRJEB68177,check_ebp_dtol,conditional
Larinus minutus,GCA_041228435.2,PRJNA1138000,to_verify,yes
Philonthus cognatus,GCA_932526485.1,PRJEB51382,check_ebp_dtol,yes
Phaedon cochleariae,GCA_979300185.1,PRJEB107947,check_ebp_dtol,yes
Agrilus biguttatus,GCA_963921965.1,PRJEB71838,check_ebp_dtol,conditional
Apoderus coryli,GCA_911728465.1,PRJEB46625,check_ebp_dtol,conditional
Harpalus rufipes,GCA_951394325.1,PRJEB62059,check_ebp_dtol,yes
Geotrupes spiniger,GCA_959613335.1,PRJEB64513,check_ebp_dtol,conditional
Neocrepidodera transversa,GCA_963277525.1,PRJEB65058,check_ebp_dtol,yes
Cantharis nigra,GCA_958510835.1,PRJEB64390,check_ebp_dtol,conditional
Oxystoma pomonae,GCA_963921945.1,PRJEB71842,check_ebp_dtol,conditional
Cantharis rustica,GCA_911387815.1,PRJEB46422,check_ebp_dtol,yes
Leptodirus hochenwartii,GCA_947310685.1,PRJEB57371,check_ebp_dtol,conditional
Chrysomela populi,GCA_965642275.1,PRJEB93768,check_ebp_dtol,yes
Myrrha octodecimguttata,GCA_958510795.1,PRJEB64392,check_ebp_dtol,conditional
Aromia moschata,GCA_029963805.1,PRJNA609440,to_verify,conditional
Cantharis flavilabris,GCA_949152385.1,PRJEB59845,check_ebp_dtol,conditional
Cantharis rufa,GCA_947369215.1,PRJEB57709,check_ebp_dtol,conditional
Malachius bipustulatus,GCA_910589365.1,PRJEB45314,check_ebp_dtol,conditional
Gastrophysa polygoni,GCA_963576645.1,PRJEB68117,check_ebp_dtol,conditional
Bruchidius siliquastri,GCA_949316485.1,PRJEB60136,check_ebp_dtol,conditional
Halyzia sedecimguttata,GCA_937616445.2,PRJEB52233,check_ebp_dtol,conditional
Cantharis lateralis,GCA_963170035.1,PRJEB64908,check_ebp_dtol,conditional
Curculio caryae,GCA_051048005.1,PRJNA813603,to_verify,conditional
Nebria salina,GCA_944039265.1,PRJEB53511,check_ebp_dtol,conditional
Melolontha melolontha,GCA_935421255.1,PRJEB51928,check_ebp_dtol,conditional
Ceutorhynchus obstrictus,GCA_965178005.1,PRJEB86218,check_ebp_dtol,conditional
Agonum fuliginosum,GCA_947534335.1,PRJEB58063,check_ebp_dtol,conditional
Malthinus flaveolus,GCA_950111595.1,PRJEB61705,check_ebp_dtol,conditional
Othius punctulatus,GCA_951805015.1,PRJEB62772,check_ebp_dtol,conditional
Stenurella melanura,GCA_963584005.1,PRJEB68170,check_ebp_dtol,conditional
Cryptocephalus moraei,GCA_946251935.1,PRJEB55435,check_ebp_dtol,conditional
Pterostichus niger,GCA_947425025.1,PRJEB57830,check_ebp_dtol,conditional
Polydrusus cervinus,GCA_935413225.1,PRJEB51934,check_ebp_dtol,conditional
Ophonus ardosiacus,GCA_943138245.1,PRJEB52909,check_ebp_dtol,conditional
Crioceris asparagi,GCA_958501965.1,PRJEB64384,check_ebp_dtol,conditional
Harpalus rubripes,GCA_963083015.1,PRJEB64812,check_ebp_dtol,conditional
Nicrophorus investigator,GCA_963457645.1,PRJEB66141,check_ebp_dtol,conditional
Podabrus alpinus,GCA_932273715.1,PRJEB51186,check_ebp_dtol,conditional
Chrysolina americana,GCA_958501925.1,PRJEB64386,check_ebp_dtol,conditional
Schizotus pectinicornis,GCA_951805255.1,PRJEB62790,check_ebp_dtol,conditional
Agrilus cyanescens,GCA_947389945.1,PRJEB57758,check_ebp_dtol,conditional
Scaphidium quadrimaculatum,GCA_965283225.1,PRJEB89535,check_ebp_dtol,yes
Aspidapion aeneum,GCA_963576425.1,PRJEB68112,check_ebp_dtol,conditional
Salpingus planirostris,GCA_949789865.1,PRJEB61167,check_ebp_dtol,conditional
Ctenicera cuprea,GCA_958336375.1,PRJEB64317,check_ebp_dtol,conditional
Agrypnus murinus,GCA_929114945.1,PRJEB50665,check_ebp_dtol,conditional
Cartodere bifasciata,GCA_963920745.1,PRJEB71556,check_ebp_dtol,conditional
Carabus problematicus,GCA_963422185.1,PRJEB65489,check_ebp_dtol,conditional
Phosphuga atrata,GCA_944567605.1,PRJEB53720,check_ebp_dtol,conditional
Drusilla canaliculata,GCA_965644185.1,PRJEB94097,check_ebp_dtol,yes
Nebria brevicollis,GCA_944739395.1,PRJEB53867,check_ebp_dtol,conditional
Agriotes lineatus,GCA_040955365.2,PRJNA1117927,to_verify,conditional
Agelastica alni,GCA_950106765.2,PRJEB61674,check_ebp_dtol,conditional
Nedyus quadrimaculatus,GCA_977969695.1,PRJEB105449,check_ebp_dtol,conditional
Anthonomus rubi,GCA_050242875.2,PRJNA1153345,to_verify,yes
Leistus spinibarbis,GCA_933228875.1,PRJEB51583,check_ebp_dtol,conditional
Lochmaea crataegi,GCA_947563735.1,PRJEB58178,check_ebp_dtol,conditional
Pyrochroa serraticornis,GCA_905333035.1,PRJEB43483,check_ebp_dtol,conditional
Rhagonycha lutea,GCA_958510815.1,PRJEB64397,check_ebp_dtol,conditional
Ocypus olens,GCA_910593855.1,PRJEB45834,check_ebp_dtol,conditional
Platypus cylindrus,GCA_949748395.1,PRJEB60809,check_ebp_dtol,conditional
Anaspis maculata,GCA_949128105.1,PRJEB59497,check_ebp_dtol,conditional
Crepidodera aurea,GCA_949319345.2,PRJEB60252,check_ebp_dtol,conditional
Amphimallon solstitiale,GCA_963170735.1,PRJEB64916,check_ebp_dtol,conditional
Pterostichus madidus,GCA_911728425.1,PRJEB46628,check_ebp_dtol,conditional
Rutpela maculata,GCA_936443135.2,PRJEB52069,check_ebp_dtol,conditional
Cryptophagus acutangulus,GCA_963556225.1,PRJEB67289,check_ebp_dtol,conditional
Orchestes rusci,GCA_958502085.1,PRJEB64388,check_ebp_dtol,conditional
Polydrusus tereticollis,GCA_963920815.1,PRJEB71551,check_ebp_dtol,conditional
Rhagium mordax,GCA_963680695.1,PRJEB70410,check_ebp_dtol,conditional
Dascillus cervinus,GCA_949768705.1,PRJEB60918,check_ebp_dtol,conditional
Dorcus parallelipipedus,GCA_958336325.1,PRJEB64319,check_ebp_dtol,conditional
Endomychus coccineus,GCA_958510805.1,PRJEB64395,check_ebp_dtol,conditional
Hololepta plana,GCA_963700325.2,PRJEB70902,check_ebp_dtol,conditional
Polydrusus tereticollis,GCA_963576715.1,PRJEB68124,check_ebp_dtol,conditional
Elmis aenea,GCA_947652985.1,PRJEB58377,check_ebp_dtol,conditional
Sphaeridium bipustulatum,GCA_977013195.1,PRJEB100566,check_ebp_dtol,yes
Taphrorychus bicolor,GCA_951812425.1,PRJEB62902,check_ebp_dtol,conditional
Abax parallelepipedus,GCA_964197635.1,PRJEB77063,check_ebp_dtol,conditional
Pseudeuparius sepicola,GCA_963920675.1,PRJEB71548,check_ebp_dtol,no
Chrysolina haemoptera,GCA_958298995.1,PRJEB64039,check_ebp_dtol,no
Brachypterus glaber,GCA_958510775.1,PRJEB64399,check_ebp_dtol,no
Galeruca laticollis,GCA_963921905.1,PRJEB71837,check_ebp_dtol,no
Chrysolina oricalcia,GCA_944452915.2,PRJEB53644,check_ebp_dtol,no
Cryptocephalus primarius,GCA_963576505.1,PRJEB68109,check_ebp_dtol,no
Hermaeophaga mercurialis,GCA_951812905.1,PRJEB63007,check_ebp_dtol,no
Drusilla canaliculata,GCA_027574885.2,PRJNA397214,to_verify,no
Attagenus pellio,GCA_978258505.1,PRJEB107202,check_ebp_dtol,yes
Nacerdes melanura,GCA_965279815.1,PRJEB89412,check_ebp_dtol,yes
Stenocarus ruficornis,GCA_977017545.1,PRJEB101940,check_ebp_dtol,yes
Polydrusus impressifrons,GCA_977013155.1,PRJEB100631,check_ebp_dtol,yes
Liophloeus tessulatus,GCA_978021415.1,PRJEB106584,check_ebp_dtol,yes
Mononychus punctumalbum,GCA_977066425.1,PRJEB103979,check_ebp_dtol,yes
Aplotarsus incanus,GCA_978018175.1,PRJEB106233,check_ebp_dtol,yes
Agriotes mancus,GCA_041228545.2,PRJNA1137984,to_verify,yes
Chrysolina hyperici,GCA_982259055.1,PRJEB109774,check_ebp_dtol,yes
Agriotes ferrugineipennis,GCA_044115255.2,PRJNA1137981,to_verify,yes
Acupalpus parvulus,GCA_981690495.1,PRJEB108866,check_ebp_dtol,yes
Stictoleptura scutellata,GCA_964212015.1,PRJEB78589,check_ebp_dtol,yes
Galerucella sagittariae,GCA_980434555.1,PRJEB108405,check_ebp_dtol,yes
Anthocomus fasciatus,GCA_964258825.1,PRJEB79480,check_ebp_dtol,yes
Aegialia arenaria,GCA_978045385.1,PRJEB106973,check_ebp_dtol,yes
Calathus fuscipes,GCA_978120685.1,PRJEB107156,check_ebp_dtol,yes
Malthodes marginatus,GCA_965119225.1,PRJEB85281,check_ebp_dtol,yes
Cantharis pallida,GCA_978407185.1,PRJEB107254,check_ebp_dtol,yes
Anaglyptus mysticus,GCA_978041825.1,PRJEB106864,check_ebp_dtol,yes
Grammoptera ruficornis,GCA_964332075.1,PRJEB82217,check_ebp_dtol,yes
Megatoma undata,GCA_965643635.1,PRJEB93941,check_ebp_dtol,yes
Staphylinus erythropterus,GCA_964211985.1,PRJEB78588,check_ebp_dtol,yes
Harmonia quadripunctata,GCA_965642355.1,PRJEB93842,check_ebp_dtol,yes
Amara aenea,GCA_973897575.1,PRJEB96434,check_ebp_dtol,yes
Coccidula rufa,GCA_965178285.1,PRJEB86220,check_ebp_dtol,yes
Cryptorhynchus lapathi,GCA_965641335.1,PRJEB91871,check_ebp_dtol,yes
Opilo mollis,GCA_964338625.1,PRJEB82307,check_ebp_dtol,yes
Notoxus monoceros,GCA_965276425.1,PRJEB89051,check_ebp_dtol,yes
Coccinella magnifica,GCA_965644505.1,PRJEB94209,check_ebp_dtol,yes
Platyrhinus resinosus,GCA_977061615.1,PRJEB102769,check_ebp_dtol,yes
Ampedus sanguinolentus,GCA_964234845.1,PRJEB79084,check_ebp_dtol,yes
Propylea quattuordecimpunctata,GCA_976923555.1,PRJEB97234,check_ebp_dtol,conditional
Leiosoma deflexum,GCA_965260825.1,PRJEB88797,check_ebp_dtol,yes
Platystomos albinus,GCA_964106955.1,PRJEB76112,check_ebp_dtol,yes
Bruchidius villosus,GCA_965643565.1,PRJEB93938,check_ebp_dtol,yes
Calathus melanocephalus,GCA_966112745.1,PRJEB95785,check_ebp_dtol,yes
Orchesia undulata,GCA_965642215.1,PRJEB93771,check_ebp_dtol,yes
Leistus rufomarginatus,GCA_966112655.1,PRJEB95787,check_ebp_dtol,yes
Anisosticta novemdecimpunctata,GCA_964188085.1,PRJEB76705,check_ebp_dtol,yes
Kyklioacalles roboris,GCA_964211975.1,PRJEB78585,check_ebp_dtol,yes
Diplocoelus fagi,GCA_975143845.1,PRJEB96810,check_ebp_dtol,yes
Tarphius canariensis,GCA_964277185.1,PRJEB81329,check_ebp_dtol,yes
Quedius lateralis,GCA_964339035.1,PRJEB82338,check_ebp_dtol,yes
Calvia quattuordecimguttata,GCA_964059575.1,PRJEB76102,check_ebp_dtol,yes
Anobium punctatum,GCA_965643725.1,PRJEB94003,check_ebp_dtol,yes
Bruchidius varius,GCA_964204965.1,PRJEB78408,check_ebp_dtol,yes
Amara convexiuscula,GCA_981558475.1,PRJEB108813,check_ebp_dtol,yes
Platydracus latebricola,GCA_978021455.1,PRJEB106585,check_ebp_dtol,yes
Chrysolina graminis,GCA_964197765.1,PRJEB77185,check_ebp_dtol,yes
Pycnomerus fuliginosus,GCA_963924625.1,PRJEB72073,check_ebp_dtol,conditional
Calodromius spilotus,GCA_977063465.1,PRJEB103061,check_ebp_dtol,yes
Sphaeroderma testaceum,GCA_971785815.1,PRJEB96098,check_ebp_dtol,yes
Phyllobius pyri,GCA_980747085.1,PRJEB108507,check_ebp_dtol,yes
Tytthaspis sedecimpunctata,GCA_977970265.1,PRJEB105663,check_ebp_dtol,conditional
Rhizotrogus aestivus,GCA_965643615.1,PRJEB93943,check_ebp_dtol,yes
Chrysomela saliceti,GCA_965122525.1,PRJEB85417,check_ebp_dtol,yes
Dromius quadrimaculatus,GCA_963989235.1,PRJEB73741,check_ebp_dtol,yes
Altica lythri,GCA_964028145.1,PRJEB74862,check_ebp_dtol,yes
Oedemera lurida,GCA_979843775.1,PRJEB108215,check_ebp_dtol,yes
Mycetophagus piceus,GCA_965642245.1,PRJEB93770,check_ebp_dtol,yes
Prionocyphon serricornis,GCA_964468445.1,PRJEB83071,check_ebp_dtol,yes
Tetraopes tetrophthalmus,GCA_042257075.1,PRJNA1083491,to_verify,yes
Prionychus ater,GCA_965112465.1,PRJEB84217,check_ebp_dtol,yes
Lesteva pubescens,GCA_965644435.1,PRJEB94214,check_ebp_dtol,yes
Agriotes obscurus,GCA_040955265.2,PRJNA1117587,to_verify,yes
Longitarsus flavicornis,GCA_964258775.1,PRJEB79477,check_ebp_dtol,yes
Galerucella nymphaeae,GCA_963978485.1,PRJEB73617,check_ebp_dtol,conditional
Chrysolina herbacea,GCA_979299855.1,PRJEB107945,check_ebp_dtol,yes
Monotoma picipes,GCA_977066045.1,PRJEB103785,check_ebp_dtol,yes
Crudosilis ruficollis,GCA_978018185.1,PRJEB106234,check_ebp_dtol,yes
Aphodius granarius,GCA_963971265.1,PRJEB73494,check_ebp_dtol,yes
Lathrobium brunnipes,GCA_965240505.1,PRJEB88416,check_ebp_dtol,yes
Tachinus rufipes,GCA_963932205.1,PRJEB72340,check_ebp_dtol,yes
Barypeithes pellucidus,GCA_963992275.1,PRJEB73829,check_ebp_dtol,conditional
Clivina fossor,GCA_963966135.1,PRJEB72556,check_ebp_dtol,conditional
Pterostichus vernalis,GCA_965283345.1,PRJEB89591,check_ebp_dtol,conditional
Phratora vitellinae,GCA_977071055.1,PRJEB104224,check_ebp_dtol,yes
Labidomera clivicollis,GCA_051313455.2,PRJNA1153339,to_verify,yes
Polydrusus pterygomalis,GCA_963969565.1,PRJEB73301,check_ebp_dtol,conditional
Anaspis regimbarti,GCA_964204705.1,PRJEB78393,check_ebp_dtol,yes
Hemicrepidius hirtus,GCA_963082985.1,PRJEB64844,check_ebp_dtol,conditional
Silvanus unidentatus,GCA_963930795.1,PRJEB72182,check_ebp_dtol,conditional
Denticollis linearis,GCA_964205195.1,PRJEB78456,check_ebp_dtol,conditional
Notiophilus biguttatus,GCA_965642425.1,PRJEB93844,check_ebp_dtol,conditional
Anaspis frontalis,GCA_964243875.1,PRJEB79336,check_ebp_dtol,yes
Dalopius marginatus,GCA_965112795.1,PRJEB84405,check_ebp_dtol,conditional
Pachyrhinus lethierryi,GCA_965118225.1,PRJEB85255,check_ebp_dtol,yes
Pterostichus diligens,GCA_976576855.1,PRJEB96224,check_ebp_dtol,yes
Bitoma crenata,GCA_964656835.2,PRJEB83599,check_ebp_dtol,yes
Gonodera luperus,GCA_977014665.1,PRJEB101654,check_ebp_dtol,yes
Xestobium rufovillosum,GCA_963966065.2,PRJEB72517,check_ebp_dtol,conditional
Aphidecta obliterata,GCA_963965955.1,PRJEB72513,check_ebp_dtol,conditional
Longitarsus dorsalis,GCA_965178215.1,PRJEB86222,check_ebp_dtol,yes
Lordithon lunulatus,GCA_963942465.1,PRJEB72466,check_ebp_dtol,conditional
Lesteva punctata,GCA_975740015.1,PRJEB97789,check_ebp_dtol,yes
Subcoccinella vigintiquattuorpunctata,GCA_965789425.1,PRJEB95122,check_ebp_dtol,yes
Stenus bimaculatus,GCA_963971105.1,PRJEB73463,check_ebp_dtol,conditional
Sitona lineatus,GCA_964263185.1,PRJEB79949,check_ebp_dtol,yes
Aphodius sticticus,GCA_963966085.1,PRJEB72518,check_ebp_dtol,conditional
Aphodius fimetarius,GCA_964211875.1,PRJEB78532,check_ebp_dtol,conditional
Paederus riparius,GCA_978046075.1,PRJEB107036,check_ebp_dtol,yes
Phaleria cadaverina,GCA_977013325.1,PRJEB100765,check_ebp_dtol,yes
Pseudocistela ceramboides,GCA_965601655.1,PRJEB90521,check_ebp_dtol,yes
Rhagonycha lignosa,GCA_965213395.1,PRJEB87036,check_ebp_dtol,conditional
Crepidodera fulvicornis,GCA_965615775.1,PRJEB90967,check_ebp_dtol,yes
Curculio glandium,GCA_965648465.1,PRJEB94372,check_ebp_dtol,yes
Magdalis barbicornis,GCA_965663605.1,PRJEB94977,check_ebp_dtol,yes
Pogonocherus hispidulus,GCA_963924615.1,PRJEB72079,check_ebp_dtol,conditional
Mycetophagus atomarius,GCA_977117645.1,PRJEB104608,check_ebp_dtol,yes
Xantholinus longiventris,GCA_978045115.1,PRJEB106916,check_ebp_dtol,yes
Ocys tachysoides,GCA_965282505.1,PRJEB89446,check_ebp_dtol,conditional
Betulapion simile,GCA_966183735.1,PRJEB95841,check_ebp_dtol,yes
Cynaeus angustus,GCA_030157255.1,PRJNA816608,to_verify,conditional
Eledona agricola,GCA_964023225.2,PRJEB74608,check_ebp_dtol,conditional
Cis bilamellatus,GCA_977930305.1,PRJEB105252,check_ebp_dtol,conditional
Tachyporus hypnorum,GCA_965783505.1,PRJEB95125,check_ebp_dtol,yes
Coelostoma orbiculare,GCA_979606525.1,PRJEB108173,check_ebp_dtol,yes
Agonum viduum,GCA_978021525.1,PRJEB106582,check_ebp_dtol,yes
Metoecus paradoxus,GCA_965283235.1,PRJEB89533,check_ebp_dtol,conditional
Agriotes pubescens,GCA_044115355.2,PRJNA1137976,to_verify,conditional
Ontholestes murinus,GCA_963969535.1,PRJEB73303,check_ebp_dtol,conditional
Malthodes minimus,GCA_964263265.1,PRJEB79899,check_ebp_dtol,yes
Philopedon plagiatum,GCA_963971095.1,PRJEB73465,check_ebp_dtol,conditional
Acupalpus dubius,GCA_977071085.1,PRJEB104222,check_ebp_dtol,yes
Pediacus dermestoides,GCA_963942455.1,PRJEB72468,check_ebp_dtol,conditional
Malthinus seriepunctatus,GCA_963924635.1,PRJEB72082,check_ebp_dtol,conditional
Grypus equiseti,GCA_964656875.1,PRJEB83601,check_ebp_dtol,yes
Crepidodera aurata,GCA_965645195.1,PRJEB94309,check_ebp_dtol,conditional
Taeniapion urticarium,GCA_978019945.1,PRJEB106456,check_ebp_dtol,yes
Cryptocephalus pusillus,GCA_965663595.1,PRJEB94976,check_ebp_dtol,no
Eulagius filicornis,GCA_965643575.1,PRJEB93939,check_ebp_dtol,yes
Actenicerus siaelandicus,GCA_964235275.1,PRJEB79054,check_ebp_dtol,no
Tillus elongatus,GCA_964006135.1,PRJEB74022,check_ebp_dtol,no
Carabus nemoralis,GCA_977809175.1,PRJEB104833,check_ebp_dtol,no
Colydium elongatum,GCA_964656365.1,PRJEB83424,check_ebp_dtol,yes
Podagrica fuscicornis,GCA_980251295.1,PRJEB108298,check_ebp_dtol,no
Rhyzobius forestieri,GCA_966185145.1,PRJEB95844,check_ebp_dtol,no
Tetropium fuscum,GCA_964058915.1,PRJEB75843,check_ebp_dtol,no
Calligrapha alni,GCA_046129265.1,PRJNA1153341,to_verify,no
Plateumaris germari,GCA_050242975.1,PRJNA1153335,to_verify,no
Microrhagus pygmaeus,GCA_965643775.1,PRJEB94006,check_ebp_dtol,no
Oryctes borbonicus,GCA_001443705.1,PRJNA293509,to_verify,no
Cantharis decipiens,GCA_965642375.1,PRJEB93840,check_ebp_dtol,no
Holobus sp. GC000080,GCA_030556065.1,PRJNA764224,to_verify,no
Aleochara sp. GC000083,GCA_030264555.1,PRJNA764224,to_verify,no
Adinopsis sp. GC000173,GCA_030264715.1,PRJNA764224,to_verify,no
Phaenonotum sp. SLE1380,GCA_033557805.1,PRJNA977672,to_verify,no
Myllaena sp. GC000078,GCA_030264135.1,PRJNA764224,to_verify,no
Lethrus apterus,GCA_018397195.1,PRJNA695433,to_verify,no
Berosus sp. SLE1611,GCA_033557775.1,PRJNA977672,to_verify,no
Geostiba sp. GC000077,GCA_030264215.1,PRJNA764224,to_verify,no
Leptusa sp. GC000079,GCA_030264655.1,PRJNA764224,to_verify,no
Ecitodaemon sp. MM-2014,GCA_030557295.1,PRJNA764224,to_verify,no
Falagria sp. GC000072,GCA_030556245.1,PRJNA764224,to_verify,no
Gymnusa sp. GC000175,GCA_030264735.1,PRJNA764224,to_verify,no
Tachinus sp. AB-2021,GCA_030264575.1,PRJNA764224,to_verify,no
Oxypoda opaca,GCA_027576775.1,PRJNA361304,to_verify,no
Leptinotarsa juncta,GCA_015342165.1,PRJNA580490,to_verify,no
Sepedophilus sp. GC000190,GCA_030264515.1,PRJNA764224,to_verify,no
Oligota sp. GC000189,GCA_030264595.1,PRJNA764224,to_verify,no
Sarophorus costatus,GCA_032191615.1,PRJNA977672,to_verify,no
Helictopleurus sicardi,GCA_033557145.1,PRJNA977672,to_verify,no
Nanos sp. ST009,GCA_032191585.1,PRJNA977672,to_verify,no
Tribolium castaneum,GCA_000002335.3,PRJNA12540,to_verify,yes
Tribolium castaneum,GCF_000002335.3,PRJNA12540,to_verify,yes
Leptinotarsa decemlineata,GCA_000500325.2,PRJNA171749,to_verify,conditional
Leptinotarsa decemlineata,GCF_000500325.1,PRJNA171749,to_verify,conditional
Harmonia axyridis,GCA_009805905.1,PRJNA437351,to_verify,conditional
Dendroctonus ponderosae,GCA_000355655.1,PRJNA162621,to_verify,conditional
Dendroctonus ponderosae,GCF_000355655.1,PRJNA162621,to_verify,conditional
Diabrotica virgifera virgifera,GCA_003013835.2,PRJNA432972,to_verify,conditional
Diabrotica virgifera virgifera,GCF_003013835.1,PRJNA432972,to_verify,conditional
Onthophagus taurus,GCA_000648695.2,PRJNA167478,to_verify,conditional
Onthophagus taurus,GCF_000648695.1,PRJNA167478,to_verify,conditional
Aethina tumida,GCA_001937115.1,PRJNA256171,to_verify,conditional
Aethina tumida,GCF_001937115.1,PRJNA256171,to_verify,conditional
Oryctes rhinoceros,GCA_019329825.1,PRJNA724335,to_verify,yes
Oryctes rhinoceros,GCA_026770135.1,PRJNA851956,to_verify,no
Oryctes rhinoceros,GCA_026770175.1,PRJNA851956,to_verify,no
Oryctes rhinoceros,GCA_026770155.1,PRJNA851956,to_verify,no
Propylea japonica,GCA_018239625.1,PRJNA606954,to_verify,no
Lamprigera yunnana,GCA_013368075.1,PRJNA556754,to_verify,conditional
Abscondita terminalis,GCA_013368085.1,PRJNA556938,to_verify,yes
Agriotes lineatus,GCA_040955275.2,PRJNA1117928,to_verify,conditional
Otiorhynchus rugosostriatus,GCA_982191845.1,PRJEB109072,check_ebp_dtol,yes
Priacma serrata,GCA_000281835.1,PRJNA74387,to_verify,no
Agonum gracile,GCA_982290455.1,PRJEB109969,check_ebp_dtol,yes
Agonum gracile,GCA_982290465.1,PRJEB109968,published_open,yes
Scarites abbreviatus,GCA_982297035.1,PRJEB110036,published_open,yes
Xanthostigma xanthostigma,GCA_963575645.1,PRJEB67825,published_open,yes
Mongoloraphidia duomilia,GCA_039654895.1,PRJNA1104565,published_open,yes
Venustoraphidia nigricollis,GCA_034508555.1,PRJNA996517,published_open,conditional
Xanthostigma xanthostigma,GCA_963575605.1,PRJEB67826,check_ebp_dtol,conditional
Neoneuromus ignobilis,GCA_029203775.1,PRJNA801769,published_open,yes
Sialis fuliginosa,GCA_961205875.1,PRJEB64607,published_open,yes
Sialis lutaria,GCA_949319165.1,PRJEB60236,published_open,yes
Acanthacorydalis orientalis,GCA_034766995.1,PRJNA1021543,published_open,yes
Neoneuromus ignobilis,GCA_024320075.1,PRJNA801769,to_verify,yes
Sialis lutaria,GCA_949319145.1,PRJEB60237,check_ebp_dtol,conditional
Sialis fuliginosa,GCA_961205855.1,PRJEB64606,check_ebp_dtol,conditional
Neoneuromus ignobilis,GCA_014529405.1,PRJNA532764,to_verify,no
Chrysoperla carnea,GCA_905475395.1,PRJEB44056,published_open,yes
Chrysoperla carnea,GCF_905475395.1,PRJEB44056,published_open,yes
Chrysopa pallens,GCA_020423425.1,PRJNA685652,published_open,yes
Sisyra terminalis,GCA_958496175.1,PRJEB64375,published_open,yes
Sisyra nigra,GCA_958496155.1,PRJEB64362,published_open,yes
Osmylus fulvicephalus,GCA_977109365.1,PRJEB90647,published_open,yes
Nineta flava,GCA_963920215.1,PRJEB71418,published_open,yes
Conwentzia psociformis,GCA_976988905.1,PRJEB98820,published_open,yes
Nothochrysa capitata,GCA_965240235.1,PRJEB88338,published_open,yes
Chrysoperla zastrowi sillemi,GCA_040669965.1,PRJNA905226,published_open,yes
Myrmeleon formicarius,GCA_055723605.1,PRJNA1403738,published_open,no
Micromus angulatus,GCA_047833675.1,PRJNA1101095,published_open,yes
Brachynemurus nebulosus,GCA_035578155.1,PRJNA849191,published_open,yes
Synclisis japonica,GCA_055697145.1,PRJNA1403738,published_open,no
Myrmeleon alternans,GCA_055725675.1,PRJNA1403738,published_open,no
Myrmeleon immaculatus,GCA_055723945.1,PRJNA1403738,published_open,no
Protidricerus obscurus,GCA_055696985.1,PRJNA1403738,published_open,no
Glenurus gratus,GCA_055697025.1,PRJNA1403738,published_open,no
Myrmeleon frontalis,GCA_055728825.1,PRJNA1403738,published_open,no
Palpares libelluloides,GCA_055697005.1,PRJNA1403738,published_open,no
Centroclisis negligens,GCA_055698825.1,PRJNA1403738,published_open,no
Myrmeleon tenuipennis,GCA_055729725.1,PRJNA1403738,published_open,no
Porrerus dealbatus,GCA_055732005.1,PRJNA1403738,published_open,no
Myrmeleon fuscus,GCA_055699915.1,PRJNA1403738,published_open,no
Myrmeleon trifasciatus,GCA_055701295.1,PRJNA1403738,published_open,no
Myrmeleon philippinus,GCA_055700155.1,PRJNA1403738,published_open,no
Hagenomyia sagax,GCA_055701245.1,PRJNA1403738,published_open,no
Megistopus flavicornis,GCA_055697125.1,PRJNA1403738,published_open,no
Baliga inanis,GCA_055701335.1,PRJNA1403738,published_open,no
Myrmeleon fasciatus,GCA_055728325.1,PRJNA1403738,published_open,no
Ogcogaster segmentator,GCA_055697045.1,PRJNA1403738,published_open,no
Myrmeleon almohadarum,GCA_055723545.1,PRJNA1403738,published_open,no
Myrmeleon immanis,GCA_055724145.1,PRJNA1403738,published_open,no
Myrmeleon wangxinliae,GCA_055734845.1,PRJNA1403738,published_open,no
Myrmeleon brasiliensis,GCA_055703905.1,PRJNA1403738,published_open,no
Brachynemurus hubbardii,GCA_055699835.1,PRJNA1403738,published_open,no
Myrmeleon argentinus,GCA_055703925.1,PRJNA1403738,published_open,no
Myrmeleon persimilis,GCA_055723985.1,PRJNA1403738,published_open,no
Myrmeleon obscurus,GCA_055703985.1,PRJNA1403738,published_open,no
Myrmeleon javanensis,GCA_055723645.1,PRJNA1403738,published_open,no
Myrmeleon pictifrons,GCA_055701315.1,PRJNA1403738,published_open,no
Myrmeleon torquatus,GCA_055734825.1,PRJNA1403738,published_open,no
Myrmeleon taiwanensis,GCA_055723865.1,PRJNA1403738,published_open,no
Myrmeleon regularis,GCA_055723665.1,PRJNA1403738,published_open,no
Myrmeleon wangi,GCA_055754755.1,PRJNA1403738,published_open,no
Myrmeleon hyalinus,GCA_055704025.1,PRJNA1403738,published_open,no
Myrmeleon exitialis,GCA_055726885.1,PRJNA1403738,published_open,no
Myrmecaelurus zigan,GCA_055699105.1,PRJNA1403738,published_open,no
Myrmeleon dolosus,GCA_055725145.1,PRJNA1403738,published_open,no
Myrmeleon solers,GCA_055723845.1,PRJNA1403738,published_open,no
Myrmeleon trigonois,GCA_055699875.1,PRJNA1403738,published_open,no
Myrmeleon alticolus,GCA_055701055.1,PRJNA1403738,published_open,no
Myrmeleon trivialis,GCA_055768485.1,PRJNA1403738,published_open,no
Hagenomyia tristis,GCA_055703865.1,PRJNA1403738,published_open,no
Stilbopteryx linearis,GCA_055697085.1,PRJNA1403738,published_open,no
Megistoleon ritsemae,GCA_055703805.1,PRJNA1403738,published_open,no
Myrmeleon mcfarlandi,GCA_055703705.1,PRJNA1403738,published_open,no
Myrmeleon circumcinctus,GCA_055701375.1,PRJNA1403738,published_open,no
Myrmeleon heppneri,GCA_055723685.1,PRJNA1403738,published_open,no
Myrmeleon croceicolli,GCA_055703685.1,PRJNA1403738,published_open,no
Australeon illustris,GCA_055701115.1,PRJNA1403738,published_open,no
Hagenomyia conjuncta,GCA_055703845.1,PRJNA1403738,published_open,no
Myrmeleon basutus,GCA_055760095.1,PRJNA1403738,published_open,no
Ameromyia strigosa,GCA_055698785.1,PRJNA1403738,published_open,no
Myrmeleon doralice,GCA_055723525.1,PRJNA1403738,published_open,no
Myrmeleon madagascariensis,GCA_055703645.1,PRJNA1403738,published_open,no
Myrmeleon gerlindae,GCA_055723585.1,PRJNA1403738,published_open,no
Baliga micans,GCA_055701135.1,PRJNA1403738,published_open,no
Myrmeleon acer,GCA_055703785.1,PRJNA1403738,published_open,no
Euroleon coreanus,GCA_055703665.1,PRJNA1403738,published_open,no
Cueta kurzi,GCA_055699855.1,PRJNA1403738,published_open,no
Mexoleon papago,GCA_055699175.1,PRJNA1403738,published_open,no
Fusoleon stigmatus,GCA_055698035.1,PRJNA1403738,published_open,no
Ululodes cajennensis,GCA_055697065.1,PRJNA1403738,published_open,no
Myrmeleon lethifer,GCA_055703745.1,PRJNA1403738,published_open,no
Myrmeleon validus,GCA_055703765.1,PRJNA1403738,published_open,no
Hagenomyia fuscithoraca,GCA_055701195.1,PRJNA1403738,published_open,no
Cueta schamona,GCA_055699935.1,PRJNA1403738,published_open,no
Mongoleon kaszabi,GCA_055699045.1,PRJNA1403738,published_open,no
Euroleon flavicorpus,GCA_055703585.1,PRJNA1403738,published_open,no
Myrmeleon inconspicuus,GCA_055723705.1,PRJNA1403738,published_open,no
Myrmeleon ferrugineipennis,GCA_055701215.1,PRJNA1403738,published_open,no
Kirghizoleon cubitalis,GCA_055703485.1,PRJNA1403738,published_open,no
Baliga guangxiensis,GCA_055703945.1,PRJNA1403738,published_open,no
Euroleon polyspilus,GCA_055703565.1,PRJNA1403738,published_open,no
Dendroleon pantherinus,GCA_055698115.1,PRJNA1403738,published_open,no
Myrmeleon picturatus,GCA_055701415.1,PRJNA1403738,published_open,no
Protoplectron longitudinale,GCA_055698315.1,PRJNA1403738,published_open,no
Nemoleon notatus,GCA_055697165.1,PRJNA1403738,published_open,no
Myrmeleon quinquemaculatus,GCA_055703725.1,PRJNA1403738,published_open,no
Baliga fallax,GCA_055701155.1,PRJNA1403738,published_open,no
Baliga eurysticta,GCA_055701075.1,PRJNA1403738,published_open,no
Euroleon nostras,GCA_055703605.1,PRJNA1403738,published_open,no
Myrmeleon alcestris,GCA_055701275.1,PRJNA1403738,published_open,no
Baliga asakurae,GCA_055701175.1,PRJNA1403738,published_open,no
Euroleon parvus,GCA_055701355.1,PRJNA1403738,published_open,no
Chrysoperla carnea,GCA_905475295.1,PRJEB44057,check_ebp_dtol,yes
Chrysoperla carnea,GCA_034510015.1,PRJNA588406,to_verify,no
Sisyra terminalis,GCA_958496335.1,PRJEB64374,check_ebp_dtol,conditional
Sisyra nigra,GCA_958496165.1,PRJEB64363,check_ebp_dtol,conditional
Myrmeleon formicarius,GCA_055723485.1,PRJNA1403738,to_verify,no
Myrmeleon formicarius,GCA_055723725.1,PRJNA1403738,to_verify,no
Nineta flava,GCA_963920235.1,PRJEB71417,check_ebp_dtol,conditional
Conwentzia psociformis,GCA_976988935.1,PRJEB98819,check_ebp_dtol,yes
Nothochrysa capitata,GCA_965239645.1,PRJEB88337,check_ebp_dtol,yes
Myrmeleon immaculatus,GCA_055723625.1,PRJNA1403738,to_verify,no
Myrmeleon sp. MSPXZLA,GCA_055703545.1,PRJNA1403738,to_verify,no
Porrerus sp. PORPER,GCA_055730585.1,PRJNA1403738,to_verify,no
Myrmeleon sp. 1 YZ-2024b,GCA_055699255.1,PRJNA1403738,to_verify,no
Myrmeleon sp. B7533-1,GCA_055723925.1,PRJNA1403738,to_verify,no
Baliga sp. B7533-1,GCA_055700975.1,PRJNA1403738,to_verify,no
Baliga sp. BEXZ,GCA_055701235.1,PRJNA1403738,to_verify,no
Baliga sp. BALMALAY,GCA_055700015.1,PRJNA1403738,to_verify,no
Myrmeleon hyalinus,GCA_055704005.1,PRJNA1403738,to_verify,no
Myrmeleon obscurus,GCA_055723465.1,PRJNA1403738,to_verify,no
Myrmeleon obscurus,GCA_055704065.1,PRJNA1403738,to_verify,no
Myrmeleon brasiliensis,GCA_055703965.1,PRJNA1403738,to_verify,no
Baliga sp. B7533-2,GCA_055701035.1,PRJNA1403738,to_verify,no
Myrmeleon hyalinus,GCA_055704045.1,PRJNA1403738,to_verify,no
Euroleon sp. EUQH1,GCA_055703505.1,PRJNA1403738,to_verify,no
Baliga sp. BASPYNP,GCA_055701095.1,PRJNA1403738,to_verify,no
Euroleon sp. B7533-1,GCA_055703625.1,PRJNA1403738,to_verify,no
Baliga sp. BLSPBOR2,GCA_055699955.1,PRJNA1403738,to_verify,no
Myrmeleon hyalinus,GCA_055723565.1,PRJNA1403738,to_verify,no
Myrmeleon hyalinus,GCA_055721265.1,PRJNA1403738,to_verify,no
Euroleon sp. EPXJ,GCA_055703525.1,PRJNA1403738,to_verify,no
Myrmeleontini gen. B7533-4 sp. MSPYNBS,GCA_055723905.1,PRJNA1403738,to_verify,no
Myrmeleontini gen. B7533-4 sp. MYPER3,GCA_055723825.1,PRJNA1403738,to_verify,no
Myrmeleontini gen. B7533-4 sp. MYSPMLY,GCA_055723505.1,PRJNA1403738,to_verify,no
Myrmeleontini gen. B7533-6 sp. MSPXZCW,GCA_055754815.1,PRJNA1403738,to_verify,no
Myrmeleontini gen. B7533-1 sp. MYSPBN,GCA_055699155.1,PRJNA1403738,to_verify,no
Myrmeleontini gen. B7533-4 sp. MHXJ,GCA_055723965.1,PRJNA1403738,to_verify,no
Myrmeleontini gen. B7533-4 sp. MSPNX,GCA_055723805.1,PRJNA1403738,to_verify,no
Myrmeleontini gen. B7533-2 sp. BAPAPUA,GCA_055701395.1,PRJNA1403738,to_verify,no
Myrmeleontini gen. B7533-5 sp. BLSPYNYJ,GCA_055738465.1,PRJNA1403738,to_verify,no
Myrmeleontini gen. B7533-4 sp. MTCFYN,GCA_055731145.1,PRJNA1403738,to_verify,no
Myrmeleontini gen. B7533-3 sp. BLSPYN1,GCA_055703885.1,PRJNA1403738,to_verify,no
Myrmeleontini gen. B7533-3 sp. BNBON,GCA_055703825.1,PRJNA1403738,to_verify,no
